[
{
  "model": "admin.logentry",
  "pk": 1,
  "fields": {
    "action_time": "2025-04-29T23:32:59.985Z",
    "user": 1,
    "content_type": 6,
    "object_id": "1",
    "object_repr": "mike Birhanu (mike@gmail.com)",
    "action_flag": 2,
    "change_message": "[{\"changed\": {\"fields\": [\"Role\"]}}]"
  }
},
{
  "model": "admin.logentry",
  "pk": 2,
  "fields": {
    "action_time": "2025-04-29T23:37:35.008Z",
    "user": 1,
    "content_type": 7,
    "object_id": "1",
    "object_repr": "IT",
    "action_flag": 1,
    "change_message": "[{\"added\": {}}]"
  }
},
{
  "model": "admin.logentry",
  "pk": 3,
  "fields": {
    "action_time": "2025-04-29T23:38:05.456Z",
    "user": 1,
    "content_type": 7,
    "object_id": "2",
    "object_repr": "Finance",
    "action_flag": 1,
    "change_message": "[{\"added\": {}}]"
  }
},
{
  "model": "admin.logentry",
  "pk": 4,
  "fields": {
    "action_time": "2025-04-29T23:38:39.768Z",
    "user": 1,
    "content_type": 7,
    "object_id": "3",
    "object_repr": "HR",
    "action_flag": 1,
    "change_message": "[{\"added\": {}}]"
  }
},
{
  "model": "admin.logentry",
  "pk": 5,
  "fields": {
    "action_time": "2025-04-30T00:00:28.047Z",
    "user": 1,
    "content_type": 7,
    "object_id": "4",
    "object_repr": "Transport",
    "action_flag": 1,
    "change_message": "[{\"added\": {}}]"
  }
},
{
  "model": "admin.logentry",
  "pk": 6,
  "fields": {
    "action_time": "2025-04-30T10:32:10.246Z",
    "user": 1,
    "content_type": 6,
    "object_id": "10",
    "object_repr": "employee employee (employee1234@gmail.com)",
    "action_flag": 2,
    "change_message": "[{\"changed\": {\"fields\": [\"password\"]}}]"
  }
},
{
  "model": "admin.logentry",
  "pk": 7,
  "fields": {
    "action_time": "2025-04-30T10:46:33.273Z",
    "user": 1,
    "content_type": 6,
    "object_id": "9",
    "object_repr": "director director (director1234@gmail.com)",
    "action_flag": 2,
    "change_message": "[{\"changed\": {\"fields\": [\"password\"]}}]"
  }
},
{
  "model": "admin.logentry",
  "pk": 8,
  "fields": {
    "action_time": "2025-05-01T07:27:15.345Z",
    "user": 1,
    "content_type": 6,
    "object_id": "8",
    "object_repr": "test5 test5 (test5@ssgi.com)",
    "action_flag": 2,
    "change_message": "[{\"changed\": {\"fields\": [\"password\"]}}]"
  }
},
{
  "model": "admin.logentry",
  "pk": 9,
  "fields": {
    "action_time": "2025-05-01T07:31:07.519Z",
    "user": 1,
    "content_type": 6,
    "object_id": "7",
    "object_repr": "test4 test4 (test4@ssgi.com)",
    "action_flag": 2,
    "change_message": "[{\"changed\": {\"fields\": [\"password\"]}}]"
  }
},
{
  "model": "admin.logentry",
  "pk": 10,
  "fields": {
    "action_time": "2025-05-01T07:33:38.656Z",
    "user": 1,
    "content_type": 6,
    "object_id": "4",
    "object_repr": "test1 test1 (test1@ssgi.com)",
    "action_flag": 2,
    "change_message": "[{\"changed\": {\"fields\": [\"password\"]}}]"
  }
},
{
  "model": "admin.logentry",
  "pk": 11,
  "fields": {
    "action_time": "2025-05-01T09:37:49.517Z",
    "user": 1,
    "content_type": 6,
    "object_id": "5",
    "object_repr": "test2 test2 (test2@ssgi.com)",
    "action_flag": 2,
    "change_message": "[{\"changed\": {\"fields\": [\"password\"]}}]"
  }
},
{
  "model": "admin.logentry",
  "pk": 12,
  "fields": {
    "action_time": "2025-05-10T21:26:33.290Z",
    "user": 1,
    "content_type": 6,
    "object_id": "6",
    "object_repr": "test3 test3 (test3@ssgi.com)",
    "action_flag": 2,
    "change_message": "[{\"changed\": {\"fields\": [\"password\"]}}]"
  }
},
{
  "model": "admin.logentry",
  "pk": 13,
  "fields": {
    "action_time": "2025-05-10T21:26:45.944Z",
    "user": 1,
    "content_type": 6,
    "object_id": "6",
    "object_repr": "test3 test3 (test3@ssgi.com)",
    "action_flag": 2,
    "change_message": "[{\"changed\": {\"fields\": [\"password\"]}}]"
  }
},
{
  "model": "auth.permission",
  "pk": 1,
  "fields": {
    "name": "Can add log entry",
    "content_type": 1,
    "codename": "add_logentry"
  }
},
{
  "model": "auth.permission",
  "pk": 2,
  "fields": {
    "name": "Can change log entry",
    "content_type": 1,
    "codename": "change_logentry"
  }
},
{
  "model": "auth.permission",
  "pk": 3,
  "fields": {
    "name": "Can delete log entry",
    "content_type": 1,
    "codename": "delete_logentry"
  }
},
{
  "model": "auth.permission",
  "pk": 4,
  "fields": {
    "name": "Can view log entry",
    "content_type": 1,
    "codename": "view_logentry"
  }
},
{
  "model": "auth.permission",
  "pk": 5,
  "fields": {
    "name": "Can add permission",
    "content_type": 2,
    "codename": "add_permission"
  }
},
{
  "model": "auth.permission",
  "pk": 6,
  "fields": {
    "name": "Can change permission",
    "content_type": 2,
    "codename": "change_permission"
  }
},
{
  "model": "auth.permission",
  "pk": 7,
  "fields": {
    "name": "Can delete permission",
    "content_type": 2,
    "codename": "delete_permission"
  }
},
{
  "model": "auth.permission",
  "pk": 8,
  "fields": {
    "name": "Can view permission",
    "content_type": 2,
    "codename": "view_permission"
  }
},
{
  "model": "auth.permission",
  "pk": 9,
  "fields": {
    "name": "Can add group",
    "content_type": 3,
    "codename": "add_group"
  }
},
{
  "model": "auth.permission",
  "pk": 10,
  "fields": {
    "name": "Can change group",
    "content_type": 3,
    "codename": "change_group"
  }
},
{
  "model": "auth.permission",
  "pk": 11,
  "fields": {
    "name": "Can delete group",
    "content_type": 3,
    "codename": "delete_group"
  }
},
{
  "model": "auth.permission",
  "pk": 12,
  "fields": {
    "name": "Can view group",
    "content_type": 3,
    "codename": "view_group"
  }
},
{
  "model": "auth.permission",
  "pk": 13,
  "fields": {
    "name": "Can add content type",
    "content_type": 4,
    "codename": "add_contenttype"
  }
},
{
  "model": "auth.permission",
  "pk": 14,
  "fields": {
    "name": "Can change content type",
    "content_type": 4,
    "codename": "change_contenttype"
  }
},
{
  "model": "auth.permission",
  "pk": 15,
  "fields": {
    "name": "Can delete content type",
    "content_type": 4,
    "codename": "delete_contenttype"
  }
},
{
  "model": "auth.permission",
  "pk": 16,
  "fields": {
    "name": "Can view content type",
    "content_type": 4,
    "codename": "view_contenttype"
  }
},
{
  "model": "auth.permission",
  "pk": 17,
  "fields": {
    "name": "Can add session",
    "content_type": 5,
    "codename": "add_session"
  }
},
{
  "model": "auth.permission",
  "pk": 18,
  "fields": {
    "name": "Can change session",
    "content_type": 5,
    "codename": "change_session"
  }
},
{
  "model": "auth.permission",
  "pk": 19,
  "fields": {
    "name": "Can delete session",
    "content_type": 5,
    "codename": "delete_session"
  }
},
{
  "model": "auth.permission",
  "pk": 20,
  "fields": {
    "name": "Can view session",
    "content_type": 5,
    "codename": "view_session"
  }
},
{
  "model": "auth.permission",
  "pk": 21,
  "fields": {
    "name": "Can add user",
    "content_type": 6,
    "codename": "add_user"
  }
},
{
  "model": "auth.permission",
  "pk": 22,
  "fields": {
    "name": "Can change user",
    "content_type": 6,
    "codename": "change_user"
  }
},
{
  "model": "auth.permission",
  "pk": 23,
  "fields": {
    "name": "Can delete user",
    "content_type": 6,
    "codename": "delete_user"
  }
},
{
  "model": "auth.permission",
  "pk": 24,
  "fields": {
    "name": "Can view user",
    "content_type": 6,
    "codename": "view_user"
  }
},
{
  "model": "auth.permission",
  "pk": 25,
  "fields": {
    "name": "Can add Department",
    "content_type": 7,
    "codename": "add_department"
  }
},
{
  "model": "auth.permission",
  "pk": 26,
  "fields": {
    "name": "Can change Department",
    "content_type": 7,
    "codename": "change_department"
  }
},
{
  "model": "auth.permission",
  "pk": 27,
  "fields": {
    "name": "Can delete Department",
    "content_type": 7,
    "codename": "delete_department"
  }
},
{
  "model": "auth.permission",
  "pk": 28,
  "fields": {
    "name": "Can view Department",
    "content_type": 7,
    "codename": "view_department"
  }
},
{
  "model": "auth.permission",
  "pk": 29,
  "fields": {
    "name": "Can add vehicle",
    "content_type": 8,
    "codename": "add_vehicle"
  }
},
{
  "model": "auth.permission",
  "pk": 30,
  "fields": {
    "name": "Can change vehicle",
    "content_type": 8,
    "codename": "change_vehicle"
  }
},
{
  "model": "auth.permission",
  "pk": 31,
  "fields": {
    "name": "Can delete vehicle",
    "content_type": 8,
    "codename": "delete_vehicle"
  }
},
{
  "model": "auth.permission",
  "pk": 32,
  "fields": {
    "name": "Can view vehicle",
    "content_type": 8,
    "codename": "view_vehicle"
  }
},
{
  "model": "auth.permission",
  "pk": 33,
  "fields": {
    "name": "Can add vehicle driver assignment history",
    "content_type": 9,
    "codename": "add_vehicledriverassignmenthistory"
  }
},
{
  "model": "auth.permission",
  "pk": 34,
  "fields": {
    "name": "Can change vehicle driver assignment history",
    "content_type": 9,
    "codename": "change_vehicledriverassignmenthistory"
  }
},
{
  "model": "auth.permission",
  "pk": 35,
  "fields": {
    "name": "Can delete vehicle driver assignment history",
    "content_type": 9,
    "codename": "delete_vehicledriverassignmenthistory"
  }
},
{
  "model": "auth.permission",
  "pk": 36,
  "fields": {
    "name": "Can view vehicle driver assignment history",
    "content_type": 9,
    "codename": "view_vehicledriverassignmenthistory"
  }
},
{
  "model": "auth.permission",
  "pk": 37,
  "fields": {
    "name": "Can add blacklisted token",
    "content_type": 10,
    "codename": "add_blacklistedtoken"
  }
},
{
  "model": "auth.permission",
  "pk": 38,
  "fields": {
    "name": "Can change blacklisted token",
    "content_type": 10,
    "codename": "change_blacklistedtoken"
  }
},
{
  "model": "auth.permission",
  "pk": 39,
  "fields": {
    "name": "Can delete blacklisted token",
    "content_type": 10,
    "codename": "delete_blacklistedtoken"
  }
},
{
  "model": "auth.permission",
  "pk": 40,
  "fields": {
    "name": "Can view blacklisted token",
    "content_type": 10,
    "codename": "view_blacklistedtoken"
  }
},
{
  "model": "auth.permission",
  "pk": 41,
  "fields": {
    "name": "Can add outstanding token",
    "content_type": 11,
    "codename": "add_outstandingtoken"
  }
},
{
  "model": "auth.permission",
  "pk": 42,
  "fields": {
    "name": "Can change outstanding token",
    "content_type": 11,
    "codename": "change_outstandingtoken"
  }
},
{
  "model": "auth.permission",
  "pk": 43,
  "fields": {
    "name": "Can delete outstanding token",
    "content_type": 11,
    "codename": "delete_outstandingtoken"
  }
},
{
  "model": "auth.permission",
  "pk": 44,
  "fields": {
    "name": "Can view outstanding token",
    "content_type": 11,
    "codename": "view_outstandingtoken"
  }
},
{
  "model": "auth.permission",
  "pk": 45,
  "fields": {
    "name": "Can add Vehicle Request",
    "content_type": 12,
    "codename": "add_vehicle_request"
  }
},
{
  "model": "auth.permission",
  "pk": 46,
  "fields": {
    "name": "Can change Vehicle Request",
    "content_type": 12,
    "codename": "change_vehicle_request"
  }
},
{
  "model": "auth.permission",
  "pk": 47,
  "fields": {
    "name": "Can delete Vehicle Request",
    "content_type": 12,
    "codename": "delete_vehicle_request"
  }
},
{
  "model": "auth.permission",
  "pk": 48,
  "fields": {
    "name": "Can view Vehicle Request",
    "content_type": 12,
    "codename": "view_vehicle_request"
  }
},
{
  "model": "auth.permission",
  "pk": 49,
  "fields": {
    "name": "Can add Vehicle Assignment",
    "content_type": 13,
    "codename": "add_vehicle_assignment"
  }
},
{
  "model": "auth.permission",
  "pk": 50,
  "fields": {
    "name": "Can change Vehicle Assignment",
    "content_type": 13,
    "codename": "change_vehicle_assignment"
  }
},
{
  "model": "auth.permission",
  "pk": 51,
  "fields": {
    "name": "Can delete Vehicle Assignment",
    "content_type": 13,
    "codename": "delete_vehicle_assignment"
  }
},
{
  "model": "auth.permission",
  "pk": 52,
  "fields": {
    "name": "Can view Vehicle Assignment",
    "content_type": 13,
    "codename": "view_vehicle_assignment"
  }
},
{
  "model": "auth.permission",
  "pk": 53,
  "fields": {
    "name": "Can add Trip",
    "content_type": 14,
    "codename": "add_trips"
  }
},
{
  "model": "auth.permission",
  "pk": 54,
  "fields": {
    "name": "Can change Trip",
    "content_type": 14,
    "codename": "change_trips"
  }
},
{
  "model": "auth.permission",
  "pk": 55,
  "fields": {
    "name": "Can delete Trip",
    "content_type": 14,
    "codename": "delete_trips"
  }
},
{
  "model": "auth.permission",
  "pk": 56,
  "fields": {
    "name": "Can view Trip",
    "content_type": 14,
    "codename": "view_trips"
  }
},
{
  "model": "contenttypes.contenttype",
  "pk": 1,
  "fields": {
    "app_label": "admin",
    "model": "logentry"
  }
},
{
  "model": "contenttypes.contenttype",
  "pk": 2,
  "fields": {
    "app_label": "auth",
    "model": "permission"
  }
},
{
  "model": "contenttypes.contenttype",
  "pk": 3,
  "fields": {
    "app_label": "auth",
    "model": "group"
  }
},
{
  "model": "contenttypes.contenttype",
  "pk": 4,
  "fields": {
    "app_label": "contenttypes",
    "model": "contenttype"
  }
},
{
  "model": "contenttypes.contenttype",
  "pk": 5,
  "fields": {
    "app_label": "sessions",
    "model": "session"
  }
},
{
  "model": "contenttypes.contenttype",
  "pk": 6,
  "fields": {
    "app_label": "users",
    "model": "user"
  }
},
{
  "model": "contenttypes.contenttype",
  "pk": 7,
  "fields": {
    "app_label": "users",
    "model": "department"
  }
},
{
  "model": "contenttypes.contenttype",
  "pk": 8,
  "fields": {
    "app_label": "vehicles",
    "model": "vehicle"
  }
},
{
  "model": "contenttypes.contenttype",
  "pk": 9,
  "fields": {
    "app_label": "vehicles",
    "model": "vehicledriverassignmenthistory"
  }
},
{
  "model": "contenttypes.contenttype",
  "pk": 10,
  "fields": {
    "app_label": "token_blacklist",
    "model": "blacklistedtoken"
  }
},
{
  "model": "contenttypes.contenttype",
  "pk": 11,
  "fields": {
    "app_label": "token_blacklist",
    "model": "outstandingtoken"
  }
},
{
  "model": "contenttypes.contenttype",
  "pk": 12,
  "fields": {
    "app_label": "request",
    "model": "vehicle_request"
  }
},
{
  "model": "contenttypes.contenttype",
  "pk": 13,
  "fields": {
    "app_label": "assignment",
    "model": "vehicle_assignment"
  }
},
{
  "model": "contenttypes.contenttype",
  "pk": 14,
  "fields": {
    "app_label": "assignment",
    "model": "trips"
  }
},
{
  "model": "sessions.session",
  "pk": "6t9jzpkir2dw1xihnro924fggvlf9gj0",
  "fields": {
    "session_data": ".eJxVjEsOwjAMBe-SNYpIm8QuS_Y9Q2THDimgVupnhbg7VOoCtm9m3ssk2taatkXnNIi5GGdOvxtTfui4A7nTeJtsnsZ1Htjuij3oYvtJ9Hk93L-DSkv91m2RyGfwPngECbGJHYJDFFYHgVzH0DrkqJobwFKIm-Cp7TIXzKJg3h_IeTf0:1uDria:CJl3zsUHEUUXpD2zuTUlhVWJqkHoy8dUBRaGmJJvjS4",
    "expire_date": "2025-05-24T21:26:48.037Z"
  }
},
{
  "model": "sessions.session",
  "pk": "yfrksvd9tkk3xyfi83n1xek5x3yc2x53",
  "fields": {
    "session_data": ".eJxVjEsOwjAMBe-SNYpIm8QuS_Y9Q2THDimgVupnhbg7VOoCtm9m3ssk2taatkXnNIi5GGdOvxtTfui4A7nTeJtsnsZ1Htjuij3oYvtJ9Hk93L-DSkv91m2RyGfwPngECbGJHYJDFFYHgVzH0DrkqJobwFKIm-Cp7TIXzKJg3h_IeTf0:1uAQMZ:jLfwR0hlw1_46qXEFojlN37PX5uMIryAflYHM6r2t78",
    "expire_date": "2025-05-15T09:37:51.324Z"
  }
},
{
  "model": "users.department",
  "pk": 1,
  "fields": {
    "name": "IT",
    "description": "",
    "director": 9,
    "created_at": "2025-04-29T23:37:34.259Z",
    "updated_at": "2025-04-30T10:27:40.955Z"
  }
},
{
  "model": "users.department",
  "pk": 2,
  "fields": {
    "name": "Finance",
    "description": "",
    "director": 2,
    "created_at": "2025-04-29T23:38:04.744Z",
    "updated_at": "2025-05-10T10:05:39.493Z"
  }
},
{
  "model": "users.department",
  "pk": 3,
  "fields": {
    "name": "HR",
    "description": "",
    "director": null,
    "created_at": "2025-04-29T23:38:39.030Z",
    "updated_at": "2025-05-10T10:03:22.875Z"
  }
},
{
  "model": "users.department",
  "pk": 4,
  "fields": {
    "name": "Transport",
    "description": "",
    "director": null,
    "created_at": "2025-04-30T00:00:27.337Z",
    "updated_at": "2025-05-10T10:05:40.031Z"
  }
},
{
  "model": "users.user",
  "pk": 1,
  "fields": {
    "password": "pbkdf2_sha256$1000000$SGzGheHLCrx0jnJqG5Rqbj$idK9FOMxgDTx6zb699tVZaedfuhZ7cjoXYkIEziX13k=",
    "last_login": "2025-04-30T10:30:09.069Z",
    "is_superuser": true,
    "first_name": "mike",
    "last_name": "Birhanu",
    "is_staff": true,
    "is_active": true,
    "username": "",
    "email": "mike@gmail.com",
    "phone_number": "",
    "department": null,
    "role": "superadmin",
    "mfa_secret": "",
    "reset_token": "",
    "reset_token_expires": null,
    "last_password_change": null,
    "date_joined": "2025-04-29T23:30:12.943Z",
    "last_updated": "2025-04-29T23:32:59.263Z",
    "groups": [],
    "user_permissions": []
  }
},
{
  "model": "users.user",
  "pk": 2,
  "fields": {
    "password": "!RZx4FR2C4LeztVwSHDrQOCQhyVWRzQMkJ8ZItVK5",
    "last_login": null,
    "is_superuser": false,
    "first_name": "test",
    "last_name": "test",
    "is_staff": false,
    "is_active": false,
    "username": "test_6800",
    "email": "deleted_2_test@ssgi.com",
    "phone_number": "",
    "department": 2,
    "role": "director",
    "mfa_secret": "",
    "reset_token": "",
    "reset_token_expires": null,
    "last_password_change": null,
    "date_joined": "2025-04-29T23:41:15.149Z",
    "last_updated": "2025-05-10T10:05:39.219Z",
    "groups": [],
    "user_permissions": []
  }
},
{
  "model": "users.user",
  "pk": 3,
  "fields": {
    "password": "pbkdf2_sha256$1000000$vMQkoJfMe9xnE4zsApFAut$7p0inA7ifOn7sZlWCpr+p4mnSFnGJ8Js9NJGqjZB39Q=",
    "last_login": null,
    "is_superuser": false,
    "first_name": "driver",
    "last_name": "driver",
    "is_staff": false,
    "is_active": true,
    "username": "driver_3464",
    "email": "driver@ssgi.com",
    "phone_number": "",
    "department": 4,
    "role": "driver",
    "mfa_secret": "",
    "reset_token": "",
    "reset_token_expires": null,
    "last_password_change": null,
    "date_joined": "2025-04-30T00:01:31.389Z",
    "last_updated": "2025-04-30T00:01:31.641Z",
    "groups": [],
    "user_permissions": []
  }
},
{
  "model": "users.user",
  "pk": 4,
  "fields": {
    "password": "!nGJQr2ePGYBSdOMEZMnncaTUz2bfDk0tX8U080Bx",
    "last_login": null,
    "is_superuser": false,
    "first_name": "test1",
    "last_name": "test1",
    "is_staff": false,
    "is_active": false,
    "username": "test1_4365",
    "email": "deleted_4_test1@ssgi.com",
    "phone_number": "",
    "department": null,
    "role": "driver",
    "mfa_secret": "",
    "reset_token": "",
    "reset_token_expires": null,
    "last_password_change": null,
    "date_joined": "2025-04-30T10:10:35.862Z",
    "last_updated": "2025-05-01T07:33:38.446Z",
    "groups": [],
    "user_permissions": []
  }
},
{
  "model": "users.user",
  "pk": 5,
  "fields": {
    "password": "!gQbEUZAbedx1G1VDOZzpS5RNQQpWUubzJTuruoqs",
    "last_login": null,
    "is_superuser": false,
    "first_name": "test2",
    "last_name": "test2",
    "is_staff": false,
    "is_active": false,
    "username": "test2_1809",
    "email": "deleted_5_deleted_5_test2@ssgi.com",
    "phone_number": "",
    "department": null,
    "role": "driver",
    "mfa_secret": "",
    "reset_token": "",
    "reset_token_expires": null,
    "last_password_change": null,
    "date_joined": "2025-04-30T10:11:21.216Z",
    "last_updated": "2025-05-01T09:37:49.173Z",
    "groups": [],
    "user_permissions": []
  }
},
{
  "model": "users.user",
  "pk": 6,
  "fields": {
    "password": "pbkdf2_sha256$1000000$BMvfiUZoGA0xQYaF69YAKh$fq9PNG6P5CAW1fDcsoizyW+Bg+EGl3h/3KGhw0FknoI=",
    "last_login": null,
    "is_superuser": false,
    "first_name": "test3",
    "last_name": "test3",
    "is_staff": false,
    "is_active": true,
    "username": "test3_7742",
    "email": "test3@ssgi.com",
    "phone_number": "83024823",
    "department": null,
    "role": "driver",
    "mfa_secret": "",
    "reset_token": "",
    "reset_token_expires": null,
    "last_password_change": null,
    "date_joined": "2025-04-30T10:18:47.736Z",
    "last_updated": "2025-05-10T21:26:45.693Z",
    "groups": [],
    "user_permissions": []
  }
},
{
  "model": "users.user",
  "pk": 7,
  "fields": {
    "password": "!YrkI2Gc2MQIFtfpHBhKUdUKrjdTixbsn8Ci65eDi",
    "last_login": null,
    "is_superuser": false,
    "first_name": "test4",
    "last_name": "test4",
    "is_staff": false,
    "is_active": false,
    "username": "test4_4753",
    "email": "deleted_7_test4@ssgi.com",
    "phone_number": "",
    "department": 4,
    "role": "driver",
    "mfa_secret": "",
    "reset_token": "",
    "reset_token_expires": null,
    "last_password_change": null,
    "date_joined": "2025-04-30T10:19:58.476Z",
    "last_updated": "2025-05-10T08:12:01.432Z",
    "groups": [],
    "user_permissions": []
  }
},
{
  "model": "users.user",
  "pk": 8,
  "fields": {
    "password": "!Q6HsTfTJdD1mOgllAkjzrTcFQTkHTkDC9bxm7auZ",
    "last_login": null,
    "is_superuser": false,
    "first_name": "test5",
    "last_name": "test5",
    "is_staff": false,
    "is_active": false,
    "username": "test5_8900",
    "email": "deleted_8_test5@ssgi.com",
    "phone_number": "",
    "department": null,
    "role": "driver",
    "mfa_secret": "",
    "reset_token": "",
    "reset_token_expires": null,
    "last_password_change": null,
    "date_joined": "2025-04-30T10:20:13.463Z",
    "last_updated": "2025-05-01T07:27:15.117Z",
    "groups": [],
    "user_permissions": []
  }
},
{
  "model": "users.user",
  "pk": 9,
  "fields": {
    "password": "pbkdf2_sha256$1000000$0H2a1Mlt0fhY2eb1nRgbXp$5yRCliCRnsOYlY8S1MRULTEhJ5BNZRiWfR5w9LX/ew4=",
    "last_login": null,
    "is_superuser": false,
    "first_name": "dire",
    "last_name": "director",
    "is_staff": false,
    "is_active": true,
    "username": "director_7412",
    "email": "director1234@gmail.com",
    "phone_number": "0911993977",
    "department": 1,
    "role": "director",
    "mfa_secret": "",
    "reset_token": "",
    "reset_token_expires": null,
    "last_password_change": null,
    "date_joined": "2025-04-30T10:27:40.719Z",
    "last_updated": "2025-05-13T07:27:32.852Z",
    "groups": [],
    "user_permissions": []
  }
},
{
  "model": "users.user",
  "pk": 10,
  "fields": {
    "password": "pbkdf2_sha256$1000000$6jGtkBdt13KTVe2R10gPQn$DF/9/wgbdAKCyp1TAIsB/11cmPwwvFpSeTtCWgZZZmA=",
    "last_login": null,
    "is_superuser": false,
    "first_name": "employee",
    "last_name": "employ",
    "is_staff": false,
    "is_active": true,
    "username": "employee_1349",
    "email": "employee1234@gmail.com",
    "phone_number": "0912459514",
    "department": 1,
    "role": "employee",
    "mfa_secret": "",
    "reset_token": "",
    "reset_token_expires": null,
    "last_password_change": null,
    "date_joined": "2025-04-30T10:28:13.774Z",
    "last_updated": "2025-05-10T10:57:07.875Z",
    "groups": [],
    "user_permissions": []
  }
},
{
  "model": "users.user",
  "pk": 11,
  "fields": {
    "password": "pbkdf2_sha256$1000000$z7YdnJ0pvvzc4dwHV64N4U$beUP0d6o5rIcRCB3FD4HKvUfaWdQCpe3kmBj16nWFsA=",
    "last_login": null,
    "is_superuser": false,
    "first_name": "admin",
    "last_name": "admin",
    "is_staff": false,
    "is_active": true,
    "username": "admin_3260",
    "email": "admin1234@gmail.com",
    "phone_number": "",
    "department": 1,
    "role": "admin",
    "mfa_secret": "",
    "reset_token": "",
    "reset_token_expires": null,
    "last_password_change": null,
    "date_joined": "2025-04-30T10:43:51.196Z",
    "last_updated": "2025-04-30T10:43:51.196Z",
    "groups": [],
    "user_permissions": []
  }
},
{
  "model": "users.user",
  "pk": 12,
  "fields": {
    "password": "!SfsFpy54npGlSVqE4HM1JHvVKIbukfiwsDs22hwP",
    "last_login": null,
    "is_superuser": false,
    "first_name": "test6",
    "last_name": "test6",
    "is_staff": false,
    "is_active": false,
    "username": "test6_5534",
    "email": "deleted_12_test6@ssgi.com",
    "phone_number": "",
    "department": null,
    "role": "driver",
    "mfa_secret": "",
    "reset_token": "",
    "reset_token_expires": null,
    "last_password_change": null,
    "date_joined": "2025-05-01T13:54:55.160Z",
    "last_updated": "2025-05-01T13:54:55.160Z",
    "groups": [],
    "user_permissions": []
  }
},
{
  "model": "users.user",
  "pk": 13,
  "fields": {
    "password": "!wIfFnTTgjznBrAYaVqZyxJzLmWMmwX1PIhSW5myD",
    "last_login": null,
    "is_superuser": true,
    "first_name": "Michael",
    "last_name": "Birhanu",
    "is_staff": true,
    "is_active": false,
    "username": "michael_0105",
    "email": "deleted_13_michaelbirhanugmichael@gmail.com",
    "phone_number": "",
    "department": null,
    "role": "superadmin",
    "mfa_secret": "",
    "reset_token": "cpfjdy-f9db204f8efcc417f22b27d4d5367445",
    "reset_token_expires": "2025-05-07T09:17:58.539Z",
    "last_password_change": "2025-05-06T23:30:19.042Z",
    "date_joined": "2025-05-01T17:40:14.463Z",
    "last_updated": "2025-05-06T23:30:19.042Z",
    "groups": [],
    "user_permissions": []
  }
},
{
  "model": "users.user",
  "pk": 14,
  "fields": {
    "password": "pbkdf2_sha256$1000000$1vLmm8aFvHCUyXnPwaREQC$pVQ7Mx6eXPBigRBaClmX2PK0XQY/P2965BaklZKU5DA=",
    "last_login": null,
    "is_superuser": false,
    "first_name": "Dagmawi",
    "last_name": "Belayneh",
    "is_staff": false,
    "is_active": true,
    "username": "dagmawi_1309",
    "email": "dagmawibelayneh14@gmail.com",
    "phone_number": "",
    "department": 3,
    "role": "employee",
    "mfa_secret": "",
    "reset_token": "",
    "reset_token_expires": null,
    "last_password_change": "2025-05-13T07:44:30.547Z",
    "date_joined": "2025-05-07T08:24:08.842Z",
    "last_updated": "2025-05-13T07:44:30.547Z",
    "groups": [],
    "user_permissions": []
  }
},
{
  "model": "users.user",
  "pk": 15,
  "fields": {
    "password": "!FCca5thvD4c3B351HOLaTI0AFeQEqNKur8pkgLbg",
    "last_login": null,
    "is_superuser": false,
    "first_name": "for",
    "last_name": "know",
    "is_staff": false,
    "is_active": false,
    "username": "for_5209",
    "email": "deleted_15_deleted_15_lastfor@now.com",
    "phone_number": "0906153137",
    "department": 1,
    "role": "employee",
    "mfa_secret": "",
    "reset_token": "",
    "reset_token_expires": null,
    "last_password_change": null,
    "date_joined": "2025-05-07T08:29:01.004Z",
    "last_updated": "2025-05-10T09:21:53.972Z",
    "groups": [],
    "user_permissions": []
  }
},
{
  "model": "users.user",
  "pk": 16,
  "fields": {
    "password": "!scdEYRgsuyT3iTUOySkXo9OBIET0B07vuWsjpzan",
    "last_login": null,
    "is_superuser": false,
    "first_name": "Mini",
    "last_name": "Semuni",
    "is_staff": false,
    "is_active": false,
    "username": "mini_6391",
    "email": "deleted_16_MiniSemuni2024@gmail.com",
    "phone_number": "",
    "department": 2,
    "role": "employee",
    "mfa_secret": "",
    "reset_token": "",
    "reset_token_expires": null,
    "last_password_change": null,
    "date_joined": "2025-05-10T08:38:56.557Z",
    "last_updated": "2025-05-10T09:54:42.110Z",
    "groups": [],
    "user_permissions": []
  }
},
{
  "model": "users.user",
  "pk": 17,
  "fields": {
    "password": "pbkdf2_sha256$1000000$ZJWPfeDSq8DAXmtBwxmSJz$38zYVNL1UOiIj7XdPHjNPtFS9n3D7lae4wQU65TUmL4=",
    "last_login": null,
    "is_superuser": false,
    "first_name": "Zelalem",
    "last_name": "Moges",
    "is_staff": false,
    "is_active": true,
    "username": "zelalem_9345",
    "email": "mogesAsh1430@gmail.com",
    "phone_number": "",
    "department": 1,
    "role": "driver",
    "mfa_secret": "",
    "reset_token": "",
    "reset_token_expires": null,
    "last_password_change": null,
    "date_joined": "2025-05-10T10:17:31.500Z",
    "last_updated": "2025-05-10T10:17:31.500Z",
    "groups": [],
    "user_permissions": []
  }
},
{
  "model": "users.user",
  "pk": 18,
  "fields": {
    "password": "pbkdf2_sha256$1000000$46EAfuYsY2ytXUyqHvxO9J$gdOcAIq3y4AAxvlLIEZCW9/t0KL9SMBR0aRgxw9p1Oo=",
    "last_login": null,
    "is_superuser": false,
    "first_name": "Gashaw",
    "last_name": "Beyene",
    "is_staff": false,
    "is_active": true,
    "username": "gashaw_8928",
    "email": "gashawbeyene@gmail.com",
    "phone_number": "",
    "department": 2,
    "role": "driver",
    "mfa_secret": "",
    "reset_token": "",
    "reset_token_expires": null,
    "last_password_change": null,
    "date_joined": "2025-05-10T17:21:35.730Z",
    "last_updated": "2025-05-10T17:21:35.730Z",
    "groups": [],
    "user_permissions": []
  }
},
{
  "model": "users.user",
  "pk": 19,
  "fields": {
    "password": "!7WUta2md8xJmDPZGSyIXW45uW1R3AB0WNBlPcwum",
    "last_login": null,
    "is_superuser": false,
    "first_name": "wendmeneh",
    "last_name": "alemu",
    "is_staff": false,
    "is_active": false,
    "username": "wendmeneh_0401",
    "email": "deleted_19_wendmenehAlemu@gmail.com",
    "phone_number": "",
    "department": 3,
    "role": "driver",
    "mfa_secret": "",
    "reset_token": "",
    "reset_token_expires": null,
    "last_password_change": null,
    "date_joined": "2025-05-10T17:22:35.398Z",
    "last_updated": "2025-05-10T17:22:35.398Z",
    "groups": [],
    "user_permissions": []
  }
},
{
  "model": "users.user",
  "pk": 20,
  "fields": {
    "password": "pbkdf2_sha256$1000000$s6oRHiPW3obIAHrw1IHgK3$ON54IBgXgII55O3N7QcFXZh9pjGhXc/e6x+o0cVxyjo=",
    "last_login": null,
    "is_superuser": false,
    "first_name": "zerihun",
    "last_name": "amero",
    "is_staff": false,
    "is_active": true,
    "username": "zerihun_2725",
    "email": "zerihunAmero@gmail.com",
    "phone_number": "",
    "department": 1,
    "role": "driver",
    "mfa_secret": "",
    "reset_token": "",
    "reset_token_expires": null,
    "last_password_change": null,
    "date_joined": "2025-05-10T17:23:28.584Z",
    "last_updated": "2025-05-10T17:23:28.584Z",
    "groups": [],
    "user_permissions": []
  }
},
{
  "model": "users.user",
  "pk": 21,
  "fields": {
    "password": "!dVqMfRdby7fkmREhYZJtLLO1NAcJE4OJ4oArBrQp",
    "last_login": null,
    "is_superuser": false,
    "first_name": "final",
    "last_name": "test",
    "is_staff": false,
    "is_active": false,
    "username": "final_0024",
    "email": "deleted_21_finalTest@gmail.com",
    "phone_number": "",
    "department": 1,
    "role": "admin",
    "mfa_secret": "",
    "reset_token": "",
    "reset_token_expires": null,
    "last_password_change": null,
    "date_joined": "2025-05-13T06:45:09.184Z",
    "last_updated": "2025-05-13T06:45:53.419Z",
    "groups": [],
    "user_permissions": []
  }
},
{
  "model": "users.user",
  "pk": 22,
  "fields": {
    "password": "pbkdf2_sha256$1000000$95DZX3O17oZiZtEBVkRHMg$5kvMWPP5pKXBXIgT0qSXV2t+bMqK+z0/y9RYtuuuBEE=",
    "last_login": null,
    "is_superuser": false,
    "first_name": "user",
    "last_name": "user1",
    "is_staff": false,
    "is_active": true,
    "username": "user_6422",
    "email": "user1@gmail.com",
    "phone_number": "",
    "department": 3,
    "role": "employee",
    "mfa_secret": "",
    "reset_token": "",
    "reset_token_expires": null,
    "last_password_change": null,
    "date_joined": "2025-05-13T07:18:35.473Z",
    "last_updated": "2025-05-13T07:18:35.473Z",
    "groups": [],
    "user_permissions": []
  }
},
{
  "model": "users.user",
  "pk": 23,
  "fields": {
    "password": "!0VrUkSW3QdfdwUIxvzASTvuQqPjhW4FYDUUobLZO",
    "last_login": null,
    "is_superuser": false,
    "first_name": "Michael",
    "last_name": "Birhanu",
    "is_staff": false,
    "is_active": false,
    "username": "michael_8550",
    "email": "deleted_23_michaelbirhanugmichael@gmail.com",
    "phone_number": "",
    "department": 3,
    "role": "admin",
    "mfa_secret": "",
    "reset_token": "",
    "reset_token_expires": null,
    "last_password_change": null,
    "date_joined": "2025-05-19T21:15:38.027Z",
    "last_updated": "2025-05-19T21:15:38.027Z",
    "groups": [],
    "user_permissions": []
  }
},
{
  "model": "users.user",
  "pk": 24,
  "fields": {
    "password": "pbkdf2_sha256$1000000$BUhzgrBo5DQ5r7hhuY1a5u$aJtcGwjd8xxfKtf20bs+qs3iSefbHmnazGrT3SYOnho=",
    "last_login": null,
    "is_superuser": true,
    "first_name": "Michael",
    "last_name": "Birhanu",
    "is_staff": true,
    "is_active": true,
    "username": "michael_6306",
    "email": "michaelbirhanugmichael@gmail.com",
    "phone_number": "",
    "department": null,
    "role": "superadmin",
    "mfa_secret": "",
    "reset_token": "",
    "reset_token_expires": null,
    "last_password_change": null,
    "date_joined": "2025-05-20T06:31:10.591Z",
    "last_updated": "2025-05-20T06:31:10.869Z",
    "groups": [],
    "user_permissions": []
  }
},
{
  "model": "vehicles.vehicle",
  "pk": 5,
  "fields": {
    "category": "field",
    "license_plate": "54544",
    "make": "toyota",
    "model": "V8",
    "year": 2025,
    "color": "silver",
    "fuel_type": "diesel",
    "fuel_efficiency": 12.0,
    "capacity": 6,
    "current_mileage": 215487,
    "status": "maintenance",
    "assigned_driver": 8,
    "department": 4,
    "last_service_date": "2025-04-16",
    "next_service_mileage": 215481,
    "notes": "",
    "created_at": "2025-04-30T11:02:57.956Z",
    "updated_at": "2025-04-30T11:02:57.956Z"
  }
},
{
  "model": "vehicles.vehicle",
  "pk": 12,
  "fields": {
    "category": "pool",
    "license_plate": "12882",
    "make": "toyota",
    "model": "yaris",
    "year": 2001,
    "color": "black",
    "fuel_type": "petrol",
    "fuel_efficiency": 0.0,
    "capacity": 214,
    "current_mileage": 124590,
    "status": "in_use",
    "assigned_driver": 18,
    "department": null,
    "last_service_date": "2025-05-01",
    "next_service_mileage": 2147,
    "notes": "string",
    "created_at": "2025-05-01T14:00:15.093Z",
    "updated_at": "2025-05-24T12:48:42.824Z"
  }
},
{
  "model": "vehicles.vehicle",
  "pk": 13,
  "fields": {
    "category": "field",
    "license_plate": "54545",
    "make": "toyota",
    "model": "ID6",
    "year": 2003,
    "color": "Green",
    "fuel_type": "hybrid",
    "fuel_efficiency": 2.0,
    "capacity": 4,
    "current_mileage": 124573,
    "status": "maintenance",
    "assigned_driver": 7,
    "department": 4,
    "last_service_date": "2025-05-01",
    "next_service_mileage": 1245788,
    "notes": "",
    "created_at": "2025-05-04T12:53:56.947Z",
    "updated_at": "2025-05-04T12:53:56.947Z"
  }
},
{
  "model": "vehicles.vehicle",
  "pk": 14,
  "fields": {
    "category": "field",
    "license_plate": "20081",
    "make": "toyota",
    "model": "yaris",
    "year": 2003,
    "color": "Green",
    "fuel_type": "petrol",
    "fuel_efficiency": 11.9,
    "capacity": 4,
    "current_mileage": 1234567999,
    "status": "available",
    "assigned_driver": 20,
    "department": 2,
    "last_service_date": "2025-05-01",
    "next_service_mileage": 23456,
    "notes": "",
    "created_at": "2025-05-10T11:06:54.254Z",
    "updated_at": "2025-05-17T10:52:57.602Z"
  }
},
{
  "model": "vehicles.vehicle",
  "pk": 15,
  "fields": {
    "category": "field",
    "license_plate": "12456",
    "make": "toyota",
    "model": "ID4",
    "year": 2003,
    "color": "Green",
    "fuel_type": "hybrid",
    "fuel_efficiency": 12.0,
    "capacity": 7,
    "current_mileage": 230000,
    "status": "in_use",
    "assigned_driver": 17,
    "department": 2,
    "last_service_date": "2025-04-30",
    "next_service_mileage": 12456,
    "notes": "",
    "created_at": "2025-05-10T17:25:26.691Z",
    "updated_at": "2025-05-19T08:34:05.778Z"
  }
},
{
  "model": "vehicles.vehicle",
  "pk": 16,
  "fields": {
    "category": "field",
    "license_plate": "12458",
    "make": "toyota",
    "model": "platz",
    "year": 2003,
    "color": "Green",
    "fuel_type": "petrol",
    "fuel_efficiency": 3.0,
    "capacity": 12,
    "current_mileage": 123456799,
    "status": "available",
    "assigned_driver": null,
    "department": 4,
    "last_service_date": "2025-05-08",
    "next_service_mileage": 32659,
    "notes": "",
    "created_at": "2025-05-10T17:27:28.190Z",
    "updated_at": "2025-05-17T10:52:18.481Z"
  }
},
{
  "model": "vehicles.vehicle",
  "pk": 17,
  "fields": {
    "category": "field",
    "license_plate": "23455",
    "make": "toyota",
    "model": "V6",
    "year": 2012,
    "color": "Green",
    "fuel_type": "diesel",
    "fuel_efficiency": 160.0,
    "capacity": 5,
    "current_mileage": 123456,
    "status": "in_use",
    "assigned_driver": 3,
    "department": 2,
    "last_service_date": "2025-05-10",
    "next_service_mileage": 1244,
    "notes": "",
    "created_at": "2025-05-13T07:35:06.816Z",
    "updated_at": "2025-05-17T09:39:53.220Z"
  }
},
{
  "model": "vehicles.vehicledriverassignmenthistory",
  "pk": 1,
  "fields": {
    "vehicle": 15,
    "driver": 20,
    "assigned_at": "2025-05-13T21:51:06.057Z",
    "unassigned_at": "2025-05-14T08:22:34.084Z"
  }
},
{
  "model": "vehicles.vehicledriverassignmenthistory",
  "pk": 2,
  "fields": {
    "vehicle": 15,
    "driver": 18,
    "assigned_at": "2025-05-14T08:22:34.608Z",
    "unassigned_at": "2025-05-14T08:34:42.308Z"
  }
},
{
  "model": "vehicles.vehicledriverassignmenthistory",
  "pk": 3,
  "fields": {
    "vehicle": 15,
    "driver": 20,
    "assigned_at": "2025-05-14T08:34:42.923Z",
    "unassigned_at": "2025-05-14T09:03:06.635Z"
  }
},
{
  "model": "vehicles.vehicledriverassignmenthistory",
  "pk": 4,
  "fields": {
    "vehicle": 16,
    "driver": 6,
    "assigned_at": "2025-05-14T08:52:35.636Z",
    "unassigned_at": "2025-05-14T08:53:46.134Z"
  }
},
{
  "model": "vehicles.vehicledriverassignmenthistory",
  "pk": 5,
  "fields": {
    "vehicle": 16,
    "driver": 6,
    "assigned_at": "2025-05-14T08:53:49.368Z",
    "unassigned_at": "2025-05-15T15:46:56.245Z"
  }
},
{
  "model": "vehicles.vehicledriverassignmenthistory",
  "pk": 6,
  "fields": {
    "vehicle": 17,
    "driver": 20,
    "assigned_at": "2025-05-14T09:03:07.157Z",
    "unassigned_at": "2025-05-14T09:03:30.443Z"
  }
},
{
  "model": "vehicles.vehicledriverassignmenthistory",
  "pk": 7,
  "fields": {
    "vehicle": 15,
    "driver": 20,
    "assigned_at": "2025-05-14T09:03:31.992Z",
    "unassigned_at": "2025-05-14T09:16:37.996Z"
  }
},
{
  "model": "vehicles.vehicledriverassignmenthistory",
  "pk": 8,
  "fields": {
    "vehicle": 17,
    "driver": 17,
    "assigned_at": "2025-05-14T09:04:36.142Z",
    "unassigned_at": "2025-05-14T11:56:16.509Z"
  }
},
{
  "model": "vehicles.vehicledriverassignmenthistory",
  "pk": 9,
  "fields": {
    "vehicle": 14,
    "driver": 20,
    "assigned_at": "2025-05-14T09:16:38.442Z",
    "unassigned_at": "2025-05-16T13:44:53.021Z"
  }
},
{
  "model": "vehicles.vehicledriverassignmenthistory",
  "pk": 10,
  "fields": {
    "vehicle": 15,
    "driver": 3,
    "assigned_at": "2025-05-14T11:31:51.246Z",
    "unassigned_at": "2025-05-14T11:56:50.603Z"
  }
},
{
  "model": "vehicles.vehicledriverassignmenthistory",
  "pk": 11,
  "fields": {
    "vehicle": 17,
    "driver": 18,
    "assigned_at": "2025-05-14T11:56:16.946Z",
    "unassigned_at": "2025-05-14T11:56:51.038Z"
  }
},
{
  "model": "vehicles.vehicledriverassignmenthistory",
  "pk": 12,
  "fields": {
    "vehicle": 17,
    "driver": 3,
    "assigned_at": "2025-05-14T11:56:51.471Z",
    "unassigned_at": "2025-05-16T12:50:48.458Z"
  }
},
{
  "model": "vehicles.vehicledriverassignmenthistory",
  "pk": 13,
  "fields": {
    "vehicle": 16,
    "driver": 6,
    "assigned_at": "2025-05-15T15:46:56.815Z",
    "unassigned_at": "2025-05-16T12:50:29.331Z"
  }
},
{
  "model": "vehicles.vehicledriverassignmenthistory",
  "pk": 14,
  "fields": {
    "vehicle": 16,
    "driver": 17,
    "assigned_at": "2025-05-16T12:50:29.770Z",
    "unassigned_at": "2025-05-17T09:38:23.310Z"
  }
},
{
  "model": "vehicles.vehicledriverassignmenthistory",
  "pk": 15,
  "fields": {
    "vehicle": 17,
    "driver": 18,
    "assigned_at": "2025-05-16T12:50:49.063Z",
    "unassigned_at": "2025-05-16T13:44:13.741Z"
  }
},
{
  "model": "vehicles.vehicledriverassignmenthistory",
  "pk": 16,
  "fields": {
    "vehicle": 17,
    "driver": 18,
    "assigned_at": "2025-05-16T13:44:14.383Z",
    "unassigned_at": "2025-05-16T14:46:51.658Z"
  }
},
{
  "model": "vehicles.vehicledriverassignmenthistory",
  "pk": 17,
  "fields": {
    "vehicle": 14,
    "driver": 20,
    "assigned_at": "2025-05-16T13:44:53.598Z",
    "unassigned_at": "2025-05-16T13:49:29.519Z"
  }
},
{
  "model": "vehicles.vehicledriverassignmenthistory",
  "pk": 18,
  "fields": {
    "vehicle": 14,
    "driver": 20,
    "assigned_at": "2025-05-16T13:49:30.184Z",
    "unassigned_at": "2025-05-16T13:50:06.475Z"
  }
},
{
  "model": "vehicles.vehicledriverassignmenthistory",
  "pk": 19,
  "fields": {
    "vehicle": 14,
    "driver": 20,
    "assigned_at": "2025-05-16T13:50:07.110Z",
    "unassigned_at": "2025-05-17T09:38:45.133Z"
  }
},
{
  "model": "vehicles.vehicledriverassignmenthistory",
  "pk": 20,
  "fields": {
    "vehicle": 15,
    "driver": 3,
    "assigned_at": "2025-05-16T13:50:49.100Z",
    "unassigned_at": "2025-05-16T13:51:09.135Z"
  }
},
{
  "model": "vehicles.vehicledriverassignmenthistory",
  "pk": 21,
  "fields": {
    "vehicle": 15,
    "driver": 3,
    "assigned_at": "2025-05-16T13:51:09.806Z",
    "unassigned_at": "2025-05-16T14:48:05.230Z"
  }
},
{
  "model": "vehicles.vehicledriverassignmenthistory",
  "pk": 22,
  "fields": {
    "vehicle": 17,
    "driver": 18,
    "assigned_at": "2025-05-16T14:46:52.585Z",
    "unassigned_at": "2025-05-16T14:47:30.751Z"
  }
},
{
  "model": "vehicles.vehicledriverassignmenthistory",
  "pk": 23,
  "fields": {
    "vehicle": 17,
    "driver": 18,
    "assigned_at": "2025-05-16T14:47:31.244Z",
    "unassigned_at": "2025-05-16T14:48:03.429Z"
  }
},
{
  "model": "vehicles.vehicledriverassignmenthistory",
  "pk": 24,
  "fields": {
    "vehicle": 15,
    "driver": 18,
    "assigned_at": "2025-05-16T14:48:05.735Z",
    "unassigned_at": "2025-05-17T09:37:22.044Z"
  }
},
{
  "model": "vehicles.vehicledriverassignmenthistory",
  "pk": 25,
  "fields": {
    "vehicle": 17,
    "driver": 3,
    "assigned_at": "2025-05-17T08:18:38.608Z",
    "unassigned_at": "2025-05-17T09:00:37.661Z"
  }
},
{
  "model": "vehicles.vehicledriverassignmenthistory",
  "pk": 26,
  "fields": {
    "vehicle": 17,
    "driver": 3,
    "assigned_at": "2025-05-17T09:00:38.909Z",
    "unassigned_at": "2025-05-17T09:01:33.441Z"
  }
},
{
  "model": "vehicles.vehicledriverassignmenthistory",
  "pk": 27,
  "fields": {
    "vehicle": 17,
    "driver": 3,
    "assigned_at": "2025-05-17T09:01:34.180Z",
    "unassigned_at": "2025-05-17T09:01:45.469Z"
  }
},
{
  "model": "vehicles.vehicledriverassignmenthistory",
  "pk": 28,
  "fields": {
    "vehicle": 17,
    "driver": 3,
    "assigned_at": "2025-05-17T09:01:46.202Z",
    "unassigned_at": "2025-05-17T09:38:34.857Z"
  }
},
{
  "model": "vehicles.vehicledriverassignmenthistory",
  "pk": 29,
  "fields": {
    "vehicle": 15,
    "driver": 18,
    "assigned_at": "2025-05-17T09:37:22.764Z",
    "unassigned_at": "2025-05-19T08:34:05.002Z"
  }
},
{
  "model": "vehicles.vehicledriverassignmenthistory",
  "pk": 30,
  "fields": {
    "vehicle": 16,
    "driver": 17,
    "assigned_at": "2025-05-17T09:38:24.523Z",
    "unassigned_at": "2025-05-19T08:34:04.501Z"
  }
},
{
  "model": "vehicles.vehicledriverassignmenthistory",
  "pk": 31,
  "fields": {
    "vehicle": 17,
    "driver": 3,
    "assigned_at": "2025-05-17T09:38:35.588Z",
    "unassigned_at": null
  }
},
{
  "model": "vehicles.vehicledriverassignmenthistory",
  "pk": 32,
  "fields": {
    "vehicle": 14,
    "driver": 20,
    "assigned_at": "2025-05-17T09:38:45.853Z",
    "unassigned_at": "2025-05-17T09:38:54.932Z"
  }
},
{
  "model": "vehicles.vehicledriverassignmenthistory",
  "pk": 33,
  "fields": {
    "vehicle": 14,
    "driver": 20,
    "assigned_at": "2025-05-17T09:38:55.665Z",
    "unassigned_at": null
  }
},
{
  "model": "vehicles.vehicledriverassignmenthistory",
  "pk": 34,
  "fields": {
    "vehicle": 15,
    "driver": 17,
    "assigned_at": "2025-05-19T08:34:05.520Z",
    "unassigned_at": null
  }
},
{
  "model": "vehicles.vehicledriverassignmenthistory",
  "pk": 35,
  "fields": {
    "vehicle": 12,
    "driver": 18,
    "assigned_at": "2025-05-24T12:48:32.952Z",
    "unassigned_at": "2025-05-24T12:48:42.812Z"
  }
},
{
  "model": "vehicles.vehicledriverassignmenthistory",
  "pk": 36,
  "fields": {
    "vehicle": 12,
    "driver": 18,
    "assigned_at": "2025-05-24T12:48:42.823Z",
    "unassigned_at": null
  }
},
{
  "model": "token_blacklist.outstandingtoken",
  "pk": 1,
  "fields": {
    "user": 1,
    "jti": "71e9cd5f1caf4be2bc0b06d2e31e8614",
    "token": "eyJhbGciOiJIUzI1NiIsInR5cCI6IkpXVCJ9.eyJ0b2tlbl90eXBlIjoicmVmcmVzaCIsImV4cCI6MTc0NjA1NjA1OCwiaWF0IjoxNzQ1OTY5NjU4LCJqdGkiOiI3MWU5Y2Q1ZjFjYWY0YmUyYmMwYjA2ZDJlMzFlODYxNCIsInVzZXJfaWQiOjF9.jE-3-Uo90AofY67zLiBXzSNaxiep4PVfcdFcZqoGZkE",
    "created_at": "2025-04-29T23:34:18.394Z",
    "expires_at": "2025-04-30T23:34:18Z"
  }
},
{
  "model": "token_blacklist.outstandingtoken",
  "pk": 2,
  "fields": {
    "user": 1,
    "jti": "15ec0f0a1a8647b39330fe5610fe3182",
    "token": "eyJhbGciOiJIUzI1NiIsInR5cCI6IkpXVCJ9.eyJ0b2tlbl90eXBlIjoicmVmcmVzaCIsImV4cCI6MTc0NjA1NjA5MCwiaWF0IjoxNzQ1OTY5NjkwLCJqdGkiOiIxNWVjMGYwYTFhODY0N2IzOTMzMGZlNTYxMGZlMzE4MiIsInVzZXJfaWQiOjF9.p6rGh_7FUeq58LvCIrdZB8mUsg-H4_-RvHO7z5_ayPA",
    "created_at": "2025-04-29T23:34:50.048Z",
    "expires_at": "2025-04-30T23:34:50Z"
  }
},
{
  "model": "token_blacklist.outstandingtoken",
  "pk": 3,
  "fields": {
    "user": 1,
    "jti": "c76359a6d7c54395ac427ab73fa39cff",
    "token": "eyJhbGciOiJIUzI1NiIsInR5cCI6IkpXVCJ9.eyJ0b2tlbl90eXBlIjoicmVmcmVzaCIsImV4cCI6MTc0NjA2MDAyOSwiaWF0IjoxNzQ1OTczNjI5LCJqdGkiOiJjNzYzNTlhNmQ3YzU0Mzk1YWM0MjdhYjczZmEzOWNmZiIsInVzZXJfaWQiOjF9.9QmTGtUzq_YomTO6W97WQfPyie_zJ6i7lOrf-727abg",
    "created_at": "2025-04-30T00:40:29.783Z",
    "expires_at": "2025-05-01T00:40:29Z"
  }
},
{
  "model": "token_blacklist.outstandingtoken",
  "pk": 4,
  "fields": {
    "user": 1,
    "jti": "e0b2a6bdfd6e4625afd848d86f394474",
    "token": "eyJhbGciOiJIUzI1NiIsInR5cCI6IkpXVCJ9.eyJ0b2tlbl90eXBlIjoicmVmcmVzaCIsImV4cCI6MTc0NjA2NDUzNywiaWF0IjoxNzQ1OTc4MTM3LCJqdGkiOiJlMGIyYTZiZGZkNmU0NjI1YWZkODQ4ZDg2ZjM5NDQ3NCIsInVzZXJfaWQiOjF9.gb9r6gE_HgFG63r-g-efMrnAMTEFmj_8Wc2xQJwrJxM",
    "created_at": "2025-04-30T01:55:37.054Z",
    "expires_at": "2025-05-01T01:55:37Z"
  }
},
{
  "model": "token_blacklist.outstandingtoken",
  "pk": 5,
  "fields": {
    "user": 1,
    "jti": "0685f4dcc5d843aea87eb2dabb141eff",
    "token": "eyJhbGciOiJIUzI1NiIsInR5cCI6IkpXVCJ9.eyJ0b2tlbl90eXBlIjoicmVmcmVzaCIsImV4cCI6MTc0NjA5MDU5MywiaWF0IjoxNzQ2MDA0MTkzLCJqdGkiOiIwNjg1ZjRkY2M1ZDg0M2FlYTg3ZWIyZGFiYjE0MWVmZiIsInVzZXJfaWQiOjF9.qW_CIN7UAFGzhP8dOEYlyXhkzLxoS0dBn9-f-Dccg0o",
    "created_at": "2025-04-30T09:09:53.397Z",
    "expires_at": "2025-05-01T09:09:53Z"
  }
},
{
  "model": "token_blacklist.outstandingtoken",
  "pk": 6,
  "fields": {
    "user": 1,
    "jti": "46f4ccea32874624a8ae458c0f31ecf6",
    "token": "eyJhbGciOiJIUzI1NiIsInR5cCI6IkpXVCJ9.eyJ0b2tlbl90eXBlIjoicmVmcmVzaCIsImV4cCI6MTc0NjA5MDY5MSwiaWF0IjoxNzQ2MDA0MjkxLCJqdGkiOiI0NmY0Y2NlYTMyODc0NjI0YThhZTQ1OGMwZjMxZWNmNiIsInVzZXJfaWQiOjF9.Fd-opwlpCg41R3Hvg696et_-rPPb2X_AYJWxXzl3ctY",
    "created_at": "2025-04-30T09:11:31.980Z",
    "expires_at": "2025-05-01T09:11:31Z"
  }
},
{
  "model": "token_blacklist.outstandingtoken",
  "pk": 7,
  "fields": {
    "user": 1,
    "jti": "b7ed66bfb1034680963181a56fbe2873",
    "token": "eyJhbGciOiJIUzI1NiIsInR5cCI6IkpXVCJ9.eyJ0b2tlbl90eXBlIjoicmVmcmVzaCIsImV4cCI6MTc0NjA5NDIyMCwiaWF0IjoxNzQ2MDA3ODIwLCJqdGkiOiJiN2VkNjZiZmIxMDM0NjgwOTYzMTgxYTU2ZmJlMjg3MyIsInVzZXJfaWQiOjF9.GuwU56tjf1VDdEAS368waGjf01ra_q9T1lVAhNX0CMw",
    "created_at": "2025-04-30T10:10:20.106Z",
    "expires_at": "2025-05-01T10:10:20Z"
  }
},
{
  "model": "token_blacklist.outstandingtoken",
  "pk": 8,
  "fields": {
    "user": 1,
    "jti": "fa07523a4c154d51b3c8c16e87697557",
    "token": "eyJhbGciOiJIUzI1NiIsInR5cCI6IkpXVCJ9.eyJ0b2tlbl90eXBlIjoicmVmcmVzaCIsImV4cCI6MTc0NjA5NTE5MywiaWF0IjoxNzQ2MDA4NzkzLCJqdGkiOiJmYTA3NTIzYTRjMTU0ZDUxYjNjOGMxNmU4NzY5NzU1NyIsInVzZXJfaWQiOjF9.0BARy6UkvSrJzRBi-vMw1HV38S7Zh3OBNMftLaekoIA",
    "created_at": "2025-04-30T10:26:33.937Z",
    "expires_at": "2025-05-01T10:26:33Z"
  }
},
{
  "model": "token_blacklist.outstandingtoken",
  "pk": 9,
  "fields": {
    "user": 10,
    "jti": "1c0f727005854f4896634fe4cc4b5f70",
    "token": "eyJhbGciOiJIUzI1NiIsInR5cCI6IkpXVCJ9.eyJ0b2tlbl90eXBlIjoicmVmcmVzaCIsImV4cCI6MTc0NjA5NTU2MCwiaWF0IjoxNzQ2MDA5MTYwLCJqdGkiOiIxYzBmNzI3MDA1ODU0ZjQ4OTY2MzRmZTRjYzRiNWY3MCIsInVzZXJfaWQiOjEwfQ.pC_sAqEDFLg4VssZUl-_LtHG82lFDkhoS0BfHs-TmFo",
    "created_at": "2025-04-30T10:32:40.317Z",
    "expires_at": "2025-05-01T10:32:40Z"
  }
},
{
  "model": "token_blacklist.outstandingtoken",
  "pk": 10,
  "fields": {
    "user": 10,
    "jti": "51f2597086b543a29de5a8b809beed03",
    "token": "eyJhbGciOiJIUzI1NiIsInR5cCI6IkpXVCJ9.eyJ0b2tlbl90eXBlIjoicmVmcmVzaCIsImV4cCI6MTc0NjA5NjAyMywiaWF0IjoxNzQ2MDA5NjIzLCJqdGkiOiI1MWYyNTk3MDg2YjU0M2EyOWRlNWE4YjgwOWJlZWQwMyIsInVzZXJfaWQiOjEwfQ.h3e4nt87ZJsT6a2Pf0BCXm9FV84RTHggCpIzW4nOgYc",
    "created_at": "2025-04-30T10:40:23.381Z",
    "expires_at": "2025-05-01T10:40:23Z"
  }
},
{
  "model": "token_blacklist.outstandingtoken",
  "pk": 11,
  "fields": {
    "user": 10,
    "jti": "80df4986cac54013b8f1125ed8c3f786",
    "token": "eyJhbGciOiJIUzI1NiIsInR5cCI6IkpXVCJ9.eyJ0b2tlbl90eXBlIjoicmVmcmVzaCIsImV4cCI6MTc0NjA5NjExNSwiaWF0IjoxNzQ2MDA5NzE1LCJqdGkiOiI4MGRmNDk4NmNhYzU0MDEzYjhmMTEyNWVkOGMzZjc4NiIsInVzZXJfaWQiOjEwfQ.zPHjPa88DODe4YS8w1GvBqycq8LVfxeDxoff4MOatpk",
    "created_at": "2025-04-30T10:41:55.987Z",
    "expires_at": "2025-05-01T10:41:55Z"
  }
},
{
  "model": "token_blacklist.outstandingtoken",
  "pk": 12,
  "fields": {
    "user": 1,
    "jti": "3a1ac05138104e3b878d9891e70d2b61",
    "token": "eyJhbGciOiJIUzI1NiIsInR5cCI6IkpXVCJ9.eyJ0b2tlbl90eXBlIjoicmVmcmVzaCIsImV4cCI6MTc0NjA5NjIwMCwiaWF0IjoxNzQ2MDA5ODAwLCJqdGkiOiIzYTFhYzA1MTM4MTA0ZTNiODc4ZDk4OTFlNzBkMmI2MSIsInVzZXJfaWQiOjF9.m1MRSdKulgZTELdZ_U60On8pOtPWctw_REoGhP5V__E",
    "created_at": "2025-04-30T10:43:20.886Z",
    "expires_at": "2025-05-01T10:43:20Z"
  }
},
{
  "model": "token_blacklist.outstandingtoken",
  "pk": 13,
  "fields": {
    "user": 11,
    "jti": "5544d6ad043148d1a61a6f5638b32cb6",
    "token": "eyJhbGciOiJIUzI1NiIsInR5cCI6IkpXVCJ9.eyJ0b2tlbl90eXBlIjoicmVmcmVzaCIsImV4cCI6MTc0NjA5NjI3NCwiaWF0IjoxNzQ2MDA5ODc0LCJqdGkiOiI1NTQ0ZDZhZDA0MzE0OGQxYTYxYTZmNTYzOGIzMmNiNiIsInVzZXJfaWQiOjExfQ.6KZ0NCYWpVQQfA1wN9R0Z75RX19fS9KcMVeljETPjPc",
    "created_at": "2025-04-30T10:44:34.739Z",
    "expires_at": "2025-05-01T10:44:34Z"
  }
},
{
  "model": "token_blacklist.outstandingtoken",
  "pk": 14,
  "fields": {
    "user": 10,
    "jti": "86d9667f9a7e45d48619ba3f957ebc10",
    "token": "eyJhbGciOiJIUzI1NiIsInR5cCI6IkpXVCJ9.eyJ0b2tlbl90eXBlIjoicmVmcmVzaCIsImV4cCI6MTc0NjA5NjMxNiwiaWF0IjoxNzQ2MDA5OTE2LCJqdGkiOiI4NmQ5NjY3ZjlhN2U0NWQ0ODYxOWJhM2Y5NTdlYmMxMCIsInVzZXJfaWQiOjEwfQ.nPhaF-kCvxskLIlBK1IvTajj9YJj9Vez8oCFPM-Gg50",
    "created_at": "2025-04-30T10:45:16.732Z",
    "expires_at": "2025-05-01T10:45:16Z"
  }
},
{
  "model": "token_blacklist.outstandingtoken",
  "pk": 15,
  "fields": {
    "user": 9,
    "jti": "7ada9a04f79b4190b4c571cb2520194a",
    "token": "eyJhbGciOiJIUzI1NiIsInR5cCI6IkpXVCJ9.eyJ0b2tlbl90eXBlIjoicmVmcmVzaCIsImV4cCI6MTc0NjA5NjQxMCwiaWF0IjoxNzQ2MDEwMDEwLCJqdGkiOiI3YWRhOWEwNGY3OWI0MTkwYjRjNTcxY2IyNTIwMTk0YSIsInVzZXJfaWQiOjl9.gvBTEACR0QW4WU4TtUlpcoXpdgIlGmF0gkHKV-kCNlk",
    "created_at": "2025-04-30T10:46:50.125Z",
    "expires_at": "2025-05-01T10:46:50Z"
  }
},
{
  "model": "token_blacklist.outstandingtoken",
  "pk": 16,
  "fields": {
    "user": 11,
    "jti": "eb2221cf5e334a0ea8b3c117b7224943",
    "token": "eyJhbGciOiJIUzI1NiIsInR5cCI6IkpXVCJ9.eyJ0b2tlbl90eXBlIjoicmVmcmVzaCIsImV4cCI6MTc0NjA5NjQ2MiwiaWF0IjoxNzQ2MDEwMDYyLCJqdGkiOiJlYjIyMjFjZjVlMzM0YTBlYThiM2MxMTdiNzIyNDk0MyIsInVzZXJfaWQiOjExfQ.SER6Ry5QVWDdJEqFlvLNcNmDvr0GXFaWfjbEXTfLQF8",
    "created_at": "2025-04-30T10:47:42.438Z",
    "expires_at": "2025-05-01T10:47:42Z"
  }
},
{
  "model": "token_blacklist.outstandingtoken",
  "pk": 17,
  "fields": {
    "user": 10,
    "jti": "c6a28811bf9c49bb9c1b9ab07edc6621",
    "token": "eyJhbGciOiJIUzI1NiIsInR5cCI6IkpXVCJ9.eyJ0b2tlbl90eXBlIjoicmVmcmVzaCIsImV4cCI6MTc0NjA5OTI2NiwiaWF0IjoxNzQ2MDEyODY2LCJqdGkiOiJjNmEyODgxMWJmOWM0OWJiOWMxYjlhYjA3ZWRjNjYyMSIsInVzZXJfaWQiOjEwfQ.EOQFwdF4xWg-M_zSyqhMC3xSLKDOWVW08c3AqI_tTrk",
    "created_at": "2025-04-30T11:34:26.504Z",
    "expires_at": "2025-05-01T11:34:26Z"
  }
},
{
  "model": "token_blacklist.outstandingtoken",
  "pk": 18,
  "fields": {
    "user": 9,
    "jti": "a07ac0c9bfad4687abd4e534997d8b00",
    "token": "eyJhbGciOiJIUzI1NiIsInR5cCI6IkpXVCJ9.eyJ0b2tlbl90eXBlIjoicmVmcmVzaCIsImV4cCI6MTc0NjA5OTM2MCwiaWF0IjoxNzQ2MDEyOTYwLCJqdGkiOiJhMDdhYzBjOWJmYWQ0Njg3YWJkNGU1MzQ5OTdkOGIwMCIsInVzZXJfaWQiOjl9.aVTOYurqS7rTrtoxQeEnZ6oRavcMzHix4vNt1FV4duM",
    "created_at": "2025-04-30T11:36:00.911Z",
    "expires_at": "2025-05-01T11:36:00Z"
  }
},
{
  "model": "token_blacklist.outstandingtoken",
  "pk": 19,
  "fields": {
    "user": 11,
    "jti": "60bcd97fae044d71a043cb8073327ba6",
    "token": "eyJhbGciOiJIUzI1NiIsInR5cCI6IkpXVCJ9.eyJ0b2tlbl90eXBlIjoicmVmcmVzaCIsImV4cCI6MTc0NjA5OTQyNiwiaWF0IjoxNzQ2MDEzMDI2LCJqdGkiOiI2MGJjZDk3ZmFlMDQ0ZDcxYTA0M2NiODA3MzMyN2JhNiIsInVzZXJfaWQiOjExfQ.y0MEvHPMzCq7SXmIeT7Qnoi4Mlsyh03xLO0EXEZ1CXA",
    "created_at": "2025-04-30T11:37:06.010Z",
    "expires_at": "2025-05-01T11:37:06Z"
  }
},
{
  "model": "token_blacklist.outstandingtoken",
  "pk": 20,
  "fields": {
    "user": 10,
    "jti": "fcf126e3d9444c25b8b5566fa4bedfdc",
    "token": "eyJhbGciOiJIUzI1NiIsInR5cCI6IkpXVCJ9.eyJ0b2tlbl90eXBlIjoicmVmcmVzaCIsImV4cCI6MTc0NjEwMTA0OCwiaWF0IjoxNzQ2MDE0NjQ4LCJqdGkiOiJmY2YxMjZlM2Q5NDQ0YzI1YjhiNTU2NmZhNGJlZGZkYyIsInVzZXJfaWQiOjEwfQ.Ivaacte0HT6gSPvZVVD2Bm3tt-2c7IBHiUN9ZR-Shbk",
    "created_at": "2025-04-30T12:04:08.539Z",
    "expires_at": "2025-05-01T12:04:08Z"
  }
},
{
  "model": "token_blacklist.outstandingtoken",
  "pk": 21,
  "fields": {
    "user": 9,
    "jti": "d4a59d5c698c4178a479d6844e731d8f",
    "token": "eyJhbGciOiJIUzI1NiIsInR5cCI6IkpXVCJ9.eyJ0b2tlbl90eXBlIjoicmVmcmVzaCIsImV4cCI6MTc0NjEwMTE0OCwiaWF0IjoxNzQ2MDE0NzQ4LCJqdGkiOiJkNGE1OWQ1YzY5OGM0MTc4YTQ3OWQ2ODQ0ZTczMWQ4ZiIsInVzZXJfaWQiOjl9.yPvQD-JuB7CmNJsHBePRjSf176jk00SSfwaesXyBTns",
    "created_at": "2025-04-30T12:05:48.196Z",
    "expires_at": "2025-05-01T12:05:48Z"
  }
},
{
  "model": "token_blacklist.outstandingtoken",
  "pk": 22,
  "fields": {
    "user": 11,
    "jti": "a26d104aeb654b17b1afbd8237b0627c",
    "token": "eyJhbGciOiJIUzI1NiIsInR5cCI6IkpXVCJ9.eyJ0b2tlbl90eXBlIjoicmVmcmVzaCIsImV4cCI6MTc0NjEwMTIxNywiaWF0IjoxNzQ2MDE0ODE3LCJqdGkiOiJhMjZkMTA0YWViNjU0YjE3YjFhZmJkODIzN2IwNjI3YyIsInVzZXJfaWQiOjExfQ.PhgNJ-khwjsOmodBoOHiyINhT0BdB562GPQllrCvJYM",
    "created_at": "2025-04-30T12:06:57.377Z",
    "expires_at": "2025-05-01T12:06:57Z"
  }
},
{
  "model": "token_blacklist.outstandingtoken",
  "pk": 23,
  "fields": {
    "user": 10,
    "jti": "b1bc5a6ff3414154b38ce766165b27b6",
    "token": "eyJhbGciOiJIUzI1NiIsInR5cCI6IkpXVCJ9.eyJ0b2tlbl90eXBlIjoicmVmcmVzaCIsImV4cCI6MTc0NjEwMTk5NCwiaWF0IjoxNzQ2MDE1NTk0LCJqdGkiOiJiMWJjNWE2ZmYzNDE0MTU0YjM4Y2U3NjYxNjViMjdiNiIsInVzZXJfaWQiOjEwfQ.je77MfXyqjXlRy0TO6U5UbJhSqjU62yImFkmFOalf9k",
    "created_at": "2025-04-30T12:19:54.315Z",
    "expires_at": "2025-05-01T12:19:54Z"
  }
},
{
  "model": "token_blacklist.outstandingtoken",
  "pk": 24,
  "fields": {
    "user": 11,
    "jti": "140e5ca5a6994acf944996e41fd1cb4f",
    "token": "eyJhbGciOiJIUzI1NiIsInR5cCI6IkpXVCJ9.eyJ0b2tlbl90eXBlIjoicmVmcmVzaCIsImV4cCI6MTc0NjEwMjA5OCwiaWF0IjoxNzQ2MDE1Njk4LCJqdGkiOiIxNDBlNWNhNWE2OTk0YWNmOTQ0OTk2ZTQxZmQxY2I0ZiIsInVzZXJfaWQiOjExfQ.sZSx9Oo7NnWv_MxXmNk1bo_voAesX5h6nDSo5xtCsLw",
    "created_at": "2025-04-30T12:21:38.426Z",
    "expires_at": "2025-05-01T12:21:38Z"
  }
},
{
  "model": "token_blacklist.outstandingtoken",
  "pk": 25,
  "fields": {
    "user": 9,
    "jti": "6d7c1f3c2a1e4703a8511602dd8de88e",
    "token": "eyJhbGciOiJIUzI1NiIsInR5cCI6IkpXVCJ9.eyJ0b2tlbl90eXBlIjoicmVmcmVzaCIsImV4cCI6MTc0NjEwMjE0MCwiaWF0IjoxNzQ2MDE1NzQwLCJqdGkiOiI2ZDdjMWYzYzJhMWU0NzAzYTg1MTE2MDJkZDhkZTg4ZSIsInVzZXJfaWQiOjl9.tlfJOaXweSVjatlU1AAsGzqsKmskkc-bPhZl3ootPwY",
    "created_at": "2025-04-30T12:22:20.240Z",
    "expires_at": "2025-05-01T12:22:20Z"
  }
},
{
  "model": "token_blacklist.outstandingtoken",
  "pk": 26,
  "fields": {
    "user": 11,
    "jti": "3a9114288cba4974aabbc02ced53f69a",
    "token": "eyJhbGciOiJIUzI1NiIsInR5cCI6IkpXVCJ9.eyJ0b2tlbl90eXBlIjoicmVmcmVzaCIsImV4cCI6MTc0NjEwMjE4OCwiaWF0IjoxNzQ2MDE1Nzg4LCJqdGkiOiIzYTkxMTQyODhjYmE0OTc0YWFiYmMwMmNlZDUzZjY5YSIsInVzZXJfaWQiOjExfQ.DDc8pY0gXYu74oDYlmF_iWnntLx0tx7ZQ8iTaceLEIY",
    "created_at": "2025-04-30T12:23:08.626Z",
    "expires_at": "2025-05-01T12:23:08Z"
  }
},
{
  "model": "token_blacklist.outstandingtoken",
  "pk": 27,
  "fields": {
    "user": 8,
    "jti": "26536755485d4125863666eae6ae8c73",
    "token": "eyJhbGciOiJIUzI1NiIsInR5cCI6IkpXVCJ9.eyJ0b2tlbl90eXBlIjoicmVmcmVzaCIsImV4cCI6MTc0NjE3MDk0MiwiaWF0IjoxNzQ2MDg0NTQyLCJqdGkiOiIyNjUzNjc1NTQ4NWQ0MTI1ODYzNjY2ZWFlNmFlOGM3MyIsInVzZXJfaWQiOjh9.JZee3i9OyOlhCqw5TCwqgUshNDTSrEOluHNNtj0oA4U",
    "created_at": "2025-05-01T07:29:02.561Z",
    "expires_at": "2025-05-02T07:29:02Z"
  }
},
{
  "model": "token_blacklist.outstandingtoken",
  "pk": 28,
  "fields": {
    "user": 7,
    "jti": "5d920746bed94ca1a12ceb7e0000b1c2",
    "token": "eyJhbGciOiJIUzI1NiIsInR5cCI6IkpXVCJ9.eyJ0b2tlbl90eXBlIjoicmVmcmVzaCIsImV4cCI6MTc0NjE3MTA5NiwiaWF0IjoxNzQ2MDg0Njk2LCJqdGkiOiI1ZDkyMDc0NmJlZDk0Y2ExYTEyY2ViN2UwMDAwYjFjMiIsInVzZXJfaWQiOjd9.u8g2RbEZk8YacsBROkJILD37S6EjNVj6tA4Wjtr5pR8",
    "created_at": "2025-05-01T07:31:36.524Z",
    "expires_at": "2025-05-02T07:31:36Z"
  }
},
{
  "model": "token_blacklist.outstandingtoken",
  "pk": 29,
  "fields": {
    "user": 4,
    "jti": "c6fea3ffa27f42f898800ed3abf05841",
    "token": "eyJhbGciOiJIUzI1NiIsInR5cCI6IkpXVCJ9.eyJ0b2tlbl90eXBlIjoicmVmcmVzaCIsImV4cCI6MTc0NjE3MTI1MSwiaWF0IjoxNzQ2MDg0ODUxLCJqdGkiOiJjNmZlYTNmZmEyN2Y0MmY4OTg4MDBlZDNhYmYwNTg0MSIsInVzZXJfaWQiOjR9.GuxQNdLwmqdmoG0eE4LlBzoVxE9fisC4YN4ydfUSTHE",
    "created_at": "2025-05-01T07:34:11.335Z",
    "expires_at": "2025-05-02T07:34:11Z"
  }
},
{
  "model": "token_blacklist.outstandingtoken",
  "pk": 30,
  "fields": {
    "user": 9,
    "jti": "aff72e3b2c8740eeb5e921d07dc5bd6c",
    "token": "eyJhbGciOiJIUzI1NiIsInR5cCI6IkpXVCJ9.eyJ0b2tlbl90eXBlIjoicmVmcmVzaCIsImV4cCI6MTc0NjE3NDcyMCwiaWF0IjoxNzQ2MDg4MzIwLCJqdGkiOiJhZmY3MmUzYjJjODc0MGVlYjVlOTIxZDA3ZGM1YmQ2YyIsInVzZXJfaWQiOjl9.qTjzx_eqpPp3C_asxU9EEhuKNVKVSm98x5IqVyhZlck",
    "created_at": "2025-05-01T08:32:00.311Z",
    "expires_at": "2025-05-02T08:32:00Z"
  }
},
{
  "model": "token_blacklist.outstandingtoken",
  "pk": 31,
  "fields": {
    "user": 9,
    "jti": "96826113bdf54061b40e1ea1e9761fd4",
    "token": "eyJhbGciOiJIUzI1NiIsInR5cCI6IkpXVCJ9.eyJ0b2tlbl90eXBlIjoicmVmcmVzaCIsImV4cCI6MTc0NjE3NDgxOCwiaWF0IjoxNzQ2MDg4NDE4LCJqdGkiOiI5NjgyNjExM2JkZjU0MDYxYjQwZTFlYTFlOTc2MWZkNCIsInVzZXJfaWQiOjl9.weErGxX5i2x8VpTlCuTgXJu2h8kEcdSS1UDac77WOGM",
    "created_at": "2025-05-01T08:33:38.702Z",
    "expires_at": "2025-05-02T08:33:38Z"
  }
},
{
  "model": "token_blacklist.outstandingtoken",
  "pk": 32,
  "fields": {
    "user": 4,
    "jti": "f11cc9c9acb34987a37215230ffe1b91",
    "token": "eyJhbGciOiJIUzI1NiIsInR5cCI6IkpXVCJ9.eyJ0b2tlbl90eXBlIjoicmVmcmVzaCIsImV4cCI6MTc0NjE3NzAzNSwiaWF0IjoxNzQ2MDkwNjM1LCJqdGkiOiJmMTFjYzljOWFjYjM0OTg3YTM3MjE1MjMwZmZlMWI5MSIsInVzZXJfaWQiOjR9.HAG1R1k8q1B1FHufS8aYMfgzj5II3qTBYA_KfNriH1g",
    "created_at": "2025-05-01T09:10:35.461Z",
    "expires_at": "2025-05-02T09:10:35Z"
  }
},
{
  "model": "token_blacklist.outstandingtoken",
  "pk": 33,
  "fields": {
    "user": 11,
    "jti": "7c64712629b14109844a0c8fc91e336a",
    "token": "eyJhbGciOiJIUzI1NiIsInR5cCI6IkpXVCJ9.eyJ0b2tlbl90eXBlIjoicmVmcmVzaCIsImV4cCI6MTc0NjE3NzYzMiwiaWF0IjoxNzQ2MDkxMjMyLCJqdGkiOiI3YzY0NzEyNjI5YjE0MTA5ODQ0YTBjOGZjOTFlMzM2YSIsInVzZXJfaWQiOjExfQ.Q7VCSG4gopuEq6qfH4rEs8YuxEcQJ7GhWT3NRbvZTc4",
    "created_at": "2025-05-01T09:20:32.105Z",
    "expires_at": "2025-05-02T09:20:32Z"
  }
},
{
  "model": "token_blacklist.outstandingtoken",
  "pk": 34,
  "fields": {
    "user": 10,
    "jti": "eae7d0f1e5aa42018bebee1620b88679",
    "token": "eyJhbGciOiJIUzI1NiIsInR5cCI6IkpXVCJ9.eyJ0b2tlbl90eXBlIjoicmVmcmVzaCIsImV4cCI6MTc0NjE3ODMxNCwiaWF0IjoxNzQ2MDkxOTE0LCJqdGkiOiJlYWU3ZDBmMWU1YWE0MjAxOGJlYmVlMTYyMGI4ODY3OSIsInVzZXJfaWQiOjEwfQ.5HMml5iBpQhVGg5lOk11znRm4d40A6BmBcelJUWt3_k",
    "created_at": "2025-05-01T09:31:54.612Z",
    "expires_at": "2025-05-02T09:31:54Z"
  }
},
{
  "model": "token_blacklist.outstandingtoken",
  "pk": 35,
  "fields": {
    "user": 9,
    "jti": "04a3dd481e6741f98c98d808879945d5",
    "token": "eyJhbGciOiJIUzI1NiIsInR5cCI6IkpXVCJ9.eyJ0b2tlbl90eXBlIjoicmVmcmVzaCIsImV4cCI6MTc0NjE3ODQwNSwiaWF0IjoxNzQ2MDkyMDA1LCJqdGkiOiIwNGEzZGQ0ODFlNjc0MWY5OGM5OGQ4MDg4Nzk5NDVkNSIsInVzZXJfaWQiOjl9.j87jt1hxRWyhiAlvYAq34HuZxz9K7QEyVl3buUZKaRk",
    "created_at": "2025-05-01T09:33:25.334Z",
    "expires_at": "2025-05-02T09:33:25Z"
  }
},
{
  "model": "token_blacklist.outstandingtoken",
  "pk": 36,
  "fields": {
    "user": 11,
    "jti": "6c0fe65578cd48649aceed933fcc5c66",
    "token": "eyJhbGciOiJIUzI1NiIsInR5cCI6IkpXVCJ9.eyJ0b2tlbl90eXBlIjoicmVmcmVzaCIsImV4cCI6MTc0NjE3ODQ4OCwiaWF0IjoxNzQ2MDkyMDg4LCJqdGkiOiI2YzBmZTY1NTc4Y2Q0ODY0OWFjZWVkOTMzZmNjNWM2NiIsInVzZXJfaWQiOjExfQ.H8E1iZf9gBmpsXNipsb5BOfJCMLJDGtg7Ntqw1Hy17I",
    "created_at": "2025-05-01T09:34:48.216Z",
    "expires_at": "2025-05-02T09:34:48Z"
  }
},
{
  "model": "token_blacklist.outstandingtoken",
  "pk": 37,
  "fields": {
    "user": 5,
    "jti": "6eab16b1370e4e6399285ec322665dff",
    "token": "eyJhbGciOiJIUzI1NiIsInR5cCI6IkpXVCJ9.eyJ0b2tlbl90eXBlIjoicmVmcmVzaCIsImV4cCI6MTc0NjE3ODc1MywiaWF0IjoxNzQ2MDkyMzUzLCJqdGkiOiI2ZWFiMTZiMTM3MGU0ZTYzOTkyODVlYzMyMjY2NWRmZiIsInVzZXJfaWQiOjV9.X3HK0EvD3DJsZOGlxVuJsLt7rmdyKXYm30Ay0hI8-9M",
    "created_at": "2025-05-01T09:39:13.824Z",
    "expires_at": "2025-05-02T09:39:13Z"
  }
},
{
  "model": "token_blacklist.outstandingtoken",
  "pk": 38,
  "fields": {
    "user": 11,
    "jti": "6591ea23297140acbc5732449139d86f",
    "token": "eyJhbGciOiJIUzI1NiIsInR5cCI6IkpXVCJ9.eyJ0b2tlbl90eXBlIjoicmVmcmVzaCIsImV4cCI6MTc0NjE5MzQ1MCwiaWF0IjoxNzQ2MTA3MDUwLCJqdGkiOiI2NTkxZWEyMzI5NzE0MGFjYmM1NzMyNDQ5MTM5ZDg2ZiIsInVzZXJfaWQiOjExfQ.PSVyP_4uKv9grXKC1ttSnFHRqBSEVrzaA6pXsIal2uk",
    "created_at": "2025-05-01T13:44:10.370Z",
    "expires_at": "2025-05-02T13:44:10Z"
  }
},
{
  "model": "token_blacklist.outstandingtoken",
  "pk": 39,
  "fields": {
    "user": 1,
    "jti": "525cb848e1554dd3b31b25cb50aded98",
    "token": "eyJhbGciOiJIUzI1NiIsInR5cCI6IkpXVCJ9.eyJ0b2tlbl90eXBlIjoicmVmcmVzaCIsImV4cCI6MTc0NjE5NDA3OSwiaWF0IjoxNzQ2MTA3Njc5LCJqdGkiOiI1MjVjYjg0OGUxNTU0ZGQzYjMxYjI1Y2I1MGFkZWQ5OCIsInVzZXJfaWQiOjF9.H08Up_vQFieWAGqsxKVm_Aihw0NCNdrV86a_TaH0YDU",
    "created_at": "2025-05-01T13:54:39.973Z",
    "expires_at": "2025-05-02T13:54:39Z"
  }
},
{
  "model": "token_blacklist.outstandingtoken",
  "pk": 40,
  "fields": {
    "user": 1,
    "jti": "a9b8e6d9272b4a93b4710de151337819",
    "token": "eyJhbGciOiJIUzI1NiIsInR5cCI6IkpXVCJ9.eyJ0b2tlbl90eXBlIjoicmVmcmVzaCIsImV4cCI6MTc0NjE5NDEzNSwiaWF0IjoxNzQ2MTA3NzM1LCJqdGkiOiJhOWI4ZTZkOTI3MmI0YTkzYjQ3MTBkZTE1MTMzNzgxOSIsInVzZXJfaWQiOjF9.NzttNjcxNRV4msnAQm1ENkPpcpAKL35UKZG7xRuxF6k",
    "created_at": "2025-05-01T13:55:35.988Z",
    "expires_at": "2025-05-02T13:55:35Z"
  }
},
{
  "model": "token_blacklist.outstandingtoken",
  "pk": 41,
  "fields": {
    "user": 12,
    "jti": "ff582b1d470f48d4a52ba2934642eebd",
    "token": "eyJhbGciOiJIUzI1NiIsInR5cCI6IkpXVCJ9.eyJ0b2tlbl90eXBlIjoicmVmcmVzaCIsImV4cCI6MTc0NjE5NDM2OCwiaWF0IjoxNzQ2MTA3OTY4LCJqdGkiOiJmZjU4MmIxZDQ3MGY0OGQ0YTUyYmEyOTM0NjQyZWViZCIsInVzZXJfaWQiOjEyfQ.wqCePVNAN1G4idd557IrcN0dI9F0lkb76cMa1iLeEEg",
    "created_at": "2025-05-01T13:59:28.128Z",
    "expires_at": "2025-05-02T13:59:28Z"
  }
},
{
  "model": "token_blacklist.outstandingtoken",
  "pk": 42,
  "fields": {
    "user": 12,
    "jti": "442751294eb34fa5bc6cfe9081c6ecb0",
    "token": "eyJhbGciOiJIUzI1NiIsInR5cCI6IkpXVCJ9.eyJ0b2tlbl90eXBlIjoicmVmcmVzaCIsImV4cCI6MTc0NjE5NDQ1OSwiaWF0IjoxNzQ2MTA4MDU5LCJqdGkiOiI0NDI3NTEyOTRlYjM0ZmE1YmM2Y2ZlOTA4MWM2ZWNiMCIsInVzZXJfaWQiOjEyfQ.a_wk639jYlUUVVTkyMYtyM700MdRx6mxUXDoQvzr8XE",
    "created_at": "2025-05-01T14:00:59.118Z",
    "expires_at": "2025-05-02T14:00:59Z"
  }
},
{
  "model": "token_blacklist.outstandingtoken",
  "pk": 43,
  "fields": {
    "user": 12,
    "jti": "7f964b3c1d8448139e666acfd8753913",
    "token": "eyJhbGciOiJIUzI1NiIsInR5cCI6IkpXVCJ9.eyJ0b2tlbl90eXBlIjoicmVmcmVzaCIsImV4cCI6MTc0NjE5NDU1OSwiaWF0IjoxNzQ2MTA4MTU5LCJqdGkiOiI3Zjk2NGIzYzFkODQ0ODEzOWU2NjZhY2ZkODc1MzkxMyIsInVzZXJfaWQiOjEyfQ.WaUWuzfeDtk4_LWbVfe7u3GR_x7A749XHLqKPgh9AP4",
    "created_at": "2025-05-01T14:02:39.343Z",
    "expires_at": "2025-05-02T14:02:39Z"
  }
},
{
  "model": "token_blacklist.outstandingtoken",
  "pk": 44,
  "fields": {
    "user": 11,
    "jti": "cd76881935ea42cab42ec0094a70fe4c",
    "token": "eyJhbGciOiJIUzI1NiIsInR5cCI6IkpXVCJ9.eyJ0b2tlbl90eXBlIjoicmVmcmVzaCIsImV4cCI6MTc0NjE5NDY4OCwiaWF0IjoxNzQ2MTA4Mjg4LCJqdGkiOiJjZDc2ODgxOTM1ZWE0MmNhYjQyZWMwMDk0YTcwZmU0YyIsInVzZXJfaWQiOjExfQ.BTq3FgfFtsSfLmWBZRF4tJ3VjD_h9GpaEduOk8kQQ38",
    "created_at": "2025-05-01T14:04:48.313Z",
    "expires_at": "2025-05-02T14:04:48Z"
  }
},
{
  "model": "token_blacklist.outstandingtoken",
  "pk": 45,
  "fields": {
    "user": 12,
    "jti": "419caecf827c46ad8276ae8ad6ecf4bf",
    "token": "eyJhbGciOiJIUzI1NiIsInR5cCI6IkpXVCJ9.eyJ0b2tlbl90eXBlIjoicmVmcmVzaCIsImV4cCI6MTc0NjE5NDg0NSwiaWF0IjoxNzQ2MTA4NDQ1LCJqdGkiOiI0MTljYWVjZjgyN2M0NmFkODI3NmFlOGFkNmVjZjRiZiIsInVzZXJfaWQiOjEyfQ.QHhPCRqzjlXGIxY-kt6yNnOPd6852F3Sho68Ky3dODY",
    "created_at": "2025-05-01T14:07:25.512Z",
    "expires_at": "2025-05-02T14:07:25Z"
  }
},
{
  "model": "token_blacklist.outstandingtoken",
  "pk": 46,
  "fields": {
    "user": 11,
    "jti": "f1a819be86de48aeb33080b3d01831cf",
    "token": "eyJhbGciOiJIUzI1NiIsInR5cCI6IkpXVCJ9.eyJ0b2tlbl90eXBlIjoicmVmcmVzaCIsImV4cCI6MTc0NjE5NTE5OCwiaWF0IjoxNzQ2MTA4Nzk4LCJqdGkiOiJmMWE4MTliZTg2ZGU0OGFlYjMzMDgwYjNkMDE4MzFjZiIsInVzZXJfaWQiOjExfQ.GpwFAELuNHU-TEUA2RXfl50RC0vtrK476ax6K810DAw",
    "created_at": "2025-05-01T14:13:18.941Z",
    "expires_at": "2025-05-02T14:13:18Z"
  }
},
{
  "model": "token_blacklist.outstandingtoken",
  "pk": 47,
  "fields": {
    "user": 4,
    "jti": "bda1a188a40e47809781cbc205754eff",
    "token": "eyJhbGciOiJIUzI1NiIsInR5cCI6IkpXVCJ9.eyJ0b2tlbl90eXBlIjoicmVmcmVzaCIsImV4cCI6MTc0NjE5NTI3OCwiaWF0IjoxNzQ2MTA4ODc4LCJqdGkiOiJiZGExYTE4OGE0MGU0NzgwOTc4MWNiYzIwNTc1NGVmZiIsInVzZXJfaWQiOjR9.is7tKJYsLsF9ahB8RQGLZ3r4f2pDUseC2ePv5h3apyY",
    "created_at": "2025-05-01T14:14:38.760Z",
    "expires_at": "2025-05-02T14:14:38Z"
  }
},
{
  "model": "token_blacklist.outstandingtoken",
  "pk": 48,
  "fields": {
    "user": 10,
    "jti": "b36f845e694f49e4b8d2b71ebe180fcf",
    "token": "eyJhbGciOiJIUzI1NiIsInR5cCI6IkpXVCJ9.eyJ0b2tlbl90eXBlIjoicmVmcmVzaCIsImV4cCI6MTc0NjE5NTMyNCwiaWF0IjoxNzQ2MTA4OTI0LCJqdGkiOiJiMzZmODQ1ZTY5NGY0OWU0YjhkMmI3MWViZTE4MGZjZiIsInVzZXJfaWQiOjEwfQ.EVGhBG8Y-zNOgqrBO_GAygk3fNQieqRO_vIr3q8CHSk",
    "created_at": "2025-05-01T14:15:24.977Z",
    "expires_at": "2025-05-02T14:15:24Z"
  }
},
{
  "model": "token_blacklist.outstandingtoken",
  "pk": 49,
  "fields": {
    "user": 9,
    "jti": "10ededb7bd4440d6871f7b1919f547ef",
    "token": "eyJhbGciOiJIUzI1NiIsInR5cCI6IkpXVCJ9.eyJ0b2tlbl90eXBlIjoicmVmcmVzaCIsImV4cCI6MTc0NjE5NTM2NywiaWF0IjoxNzQ2MTA4OTY3LCJqdGkiOiIxMGVkZWRiN2JkNDQ0MGQ2ODcxZjdiMTkxOWY1NDdlZiIsInVzZXJfaWQiOjl9.T6uN2zDLHmFnQ2_xcY-dKlVs_kZJ3lesFdD14Xac4dg",
    "created_at": "2025-05-01T14:16:07.474Z",
    "expires_at": "2025-05-02T14:16:07Z"
  }
},
{
  "model": "token_blacklist.outstandingtoken",
  "pk": 50,
  "fields": {
    "user": 11,
    "jti": "cd982015fa1f4791ae97eafdaf55132c",
    "token": "eyJhbGciOiJIUzI1NiIsInR5cCI6IkpXVCJ9.eyJ0b2tlbl90eXBlIjoicmVmcmVzaCIsImV4cCI6MTc0NjE5NTQ1NiwiaWF0IjoxNzQ2MTA5MDU2LCJqdGkiOiJjZDk4MjAxNWZhMWY0NzkxYWU5N2VhZmRhZjU1MTMyYyIsInVzZXJfaWQiOjExfQ.Nr3O8ahDjLMaJgnF6-C37ENPMgb1KxOCvrOth7TNnuU",
    "created_at": "2025-05-01T14:17:36.650Z",
    "expires_at": "2025-05-02T14:17:36Z"
  }
},
{
  "model": "token_blacklist.outstandingtoken",
  "pk": 51,
  "fields": {
    "user": 12,
    "jti": "fe7f939b74274f27bb33632fbf6bbc48",
    "token": "eyJhbGciOiJIUzI1NiIsInR5cCI6IkpXVCJ9.eyJ0b2tlbl90eXBlIjoicmVmcmVzaCIsImV4cCI6MTc0NjE5NTUzMSwiaWF0IjoxNzQ2MTA5MTMxLCJqdGkiOiJmZTdmOTM5Yjc0Mjc0ZjI3YmIzMzYzMmZiZjZiYmM0OCIsInVzZXJfaWQiOjEyfQ._cOkpv7RhZAPXBzkINoyP5x6nGVYlgETYha6RpBWFhI",
    "created_at": "2025-05-01T14:18:51.659Z",
    "expires_at": "2025-05-02T14:18:51Z"
  }
},
{
  "model": "token_blacklist.outstandingtoken",
  "pk": 52,
  "fields": {
    "user": 12,
    "jti": "3889f2bcaa7b4ed791c7045ac4389523",
    "token": "eyJhbGciOiJIUzI1NiIsInR5cCI6IkpXVCJ9.eyJ0b2tlbl90eXBlIjoicmVmcmVzaCIsImV4cCI6MTc0NjE5NTgwNCwiaWF0IjoxNzQ2MTA5NDA0LCJqdGkiOiIzODg5ZjJiY2FhN2I0ZWQ3OTFjNzA0NWFjNDM4OTUyMyIsInVzZXJfaWQiOjEyfQ.hkCtgGYp-sm7o9mZhMshx8cdIjZYQSqiNI7vV7OfbCc",
    "created_at": "2025-05-01T14:23:24.553Z",
    "expires_at": "2025-05-02T14:23:24Z"
  }
},
{
  "model": "token_blacklist.outstandingtoken",
  "pk": 53,
  "fields": {
    "user": 10,
    "jti": "2d2a17f60ec94716ae515e4ee78ee080",
    "token": "eyJhbGciOiJIUzI1NiIsInR5cCI6IkpXVCJ9.eyJ0b2tlbl90eXBlIjoicmVmcmVzaCIsImV4cCI6MTc0NjE5NjM2NSwiaWF0IjoxNzQ2MTA5OTY1LCJqdGkiOiIyZDJhMTdmNjBlYzk0NzE2YWU1MTVlNGVlNzhlZTA4MCIsInVzZXJfaWQiOjEwfQ.0LrU5CxnlO71kmHSi-0jhpzB9xfGTVDR059M3oiphGA",
    "created_at": "2025-05-01T14:32:45.819Z",
    "expires_at": "2025-05-02T14:32:45Z"
  }
},
{
  "model": "token_blacklist.outstandingtoken",
  "pk": 54,
  "fields": {
    "user": 9,
    "jti": "a2222be778fa452585ca5cef53b7b2cf",
    "token": "eyJhbGciOiJIUzI1NiIsInR5cCI6IkpXVCJ9.eyJ0b2tlbl90eXBlIjoicmVmcmVzaCIsImV4cCI6MTc0NjE5NjQ3MSwiaWF0IjoxNzQ2MTEwMDcxLCJqdGkiOiJhMjIyMmJlNzc4ZmE0NTI1ODVjYTVjZWY1M2I3YjJjZiIsInVzZXJfaWQiOjl9.3a-28dq4Llal_Jp8LE7d4ZgNf5B2Vwbm2hF4fQGkkH8",
    "created_at": "2025-05-01T14:34:31.773Z",
    "expires_at": "2025-05-02T14:34:31Z"
  }
},
{
  "model": "token_blacklist.outstandingtoken",
  "pk": 55,
  "fields": {
    "user": 11,
    "jti": "2247b2a94c094c04976721ffb5abaff8",
    "token": "eyJhbGciOiJIUzI1NiIsInR5cCI6IkpXVCJ9.eyJ0b2tlbl90eXBlIjoicmVmcmVzaCIsImV4cCI6MTc0NjE5NjU3MSwiaWF0IjoxNzQ2MTEwMTcxLCJqdGkiOiIyMjQ3YjJhOTRjMDk0YzA0OTc2NzIxZmZiNWFiYWZmOCIsInVzZXJfaWQiOjExfQ.PfPyrqd_nMwfQFzaVyqOl7fiamuZqiPvT31d5TBJD7Y",
    "created_at": "2025-05-01T14:36:11.311Z",
    "expires_at": "2025-05-02T14:36:11Z"
  }
},
{
  "model": "token_blacklist.outstandingtoken",
  "pk": 56,
  "fields": {
    "user": 12,
    "jti": "f50ec1a586e047988043adfb4dcbdfb7",
    "token": "eyJhbGciOiJIUzI1NiIsInR5cCI6IkpXVCJ9.eyJ0b2tlbl90eXBlIjoicmVmcmVzaCIsImV4cCI6MTc0NjE5NjY0MywiaWF0IjoxNzQ2MTEwMjQzLCJqdGkiOiJmNTBlYzFhNTg2ZTA0Nzk4ODA0M2FkZmI0ZGNiZGZiNyIsInVzZXJfaWQiOjEyfQ.GCok0rlOpWsdn9RTfnFwmzJ-MB1FahaSJowgpfjJYbY",
    "created_at": "2025-05-01T14:37:23.965Z",
    "expires_at": "2025-05-02T14:37:23Z"
  }
},
{
  "model": "token_blacklist.outstandingtoken",
  "pk": 57,
  "fields": {
    "user": 12,
    "jti": "3139713202084a9faa2686efd7f95b8f",
    "token": "eyJhbGciOiJIUzI1NiIsInR5cCI6IkpXVCJ9.eyJ0b2tlbl90eXBlIjoicmVmcmVzaCIsImV4cCI6MTc0NjE5NzExNywiaWF0IjoxNzQ2MTEwNzE3LCJqdGkiOiIzMTM5NzEzMjAyMDg0YTlmYWEyNjg2ZWZkN2Y5NWI4ZiIsInVzZXJfaWQiOjEyfQ.nzh36QewKWcLlILInfXF_vyXQtxY3cWbwQ-I4vsKP2Y",
    "created_at": "2025-05-01T14:45:17.908Z",
    "expires_at": "2025-05-02T14:45:17Z"
  }
},
{
  "model": "token_blacklist.outstandingtoken",
  "pk": 58,
  "fields": {
    "user": 11,
    "jti": "60d4b4050a0d477988a8a7f2c1af2e3e",
    "token": "eyJhbGciOiJIUzI1NiIsInR5cCI6IkpXVCJ9.eyJ0b2tlbl90eXBlIjoicmVmcmVzaCIsImV4cCI6MTc0NjE5OTY5MiwiaWF0IjoxNzQ2MTEzMjkyLCJqdGkiOiI2MGQ0YjQwNTBhMGQ0Nzc5ODhhOGE3ZjJjMWFmMmUzZSIsInVzZXJfaWQiOjExfQ.jLtArtudLVqK0vK2Bgj2_HVjV-tRWmOxTOHFbzHFyIk",
    "created_at": "2025-05-01T15:28:12.441Z",
    "expires_at": "2025-05-02T15:28:12Z"
  }
},
{
  "model": "token_blacklist.outstandingtoken",
  "pk": 59,
  "fields": {
    "user": 12,
    "jti": "cdba687104cb44c285d781a954ad72ed",
    "token": "eyJhbGciOiJIUzI1NiIsInR5cCI6IkpXVCJ9.eyJ0b2tlbl90eXBlIjoicmVmcmVzaCIsImV4cCI6MTc0NjE5OTgxNCwiaWF0IjoxNzQ2MTEzNDE0LCJqdGkiOiJjZGJhNjg3MTA0Y2I0NGMyODVkNzgxYTk1NGFkNzJlZCIsInVzZXJfaWQiOjEyfQ.XxPYGOHvuyPaTgWY2X6foii-EBLFPZV2Jto9zNKmifY",
    "created_at": "2025-05-01T15:30:14.666Z",
    "expires_at": "2025-05-02T15:30:14Z"
  }
},
{
  "model": "token_blacklist.outstandingtoken",
  "pk": 60,
  "fields": {
    "user": 1,
    "jti": "4dcc70d48b4c4485ba6d265d3a12c41f",
    "token": "eyJhbGciOiJIUzI1NiIsInR5cCI6IkpXVCJ9.eyJ0b2tlbl90eXBlIjoicmVmcmVzaCIsImV4cCI6MTc0NjIwNzU5NCwiaWF0IjoxNzQ2MTIxMTk0LCJqdGkiOiI0ZGNjNzBkNDhiNGM0NDg1YmE2ZDI2NWQzYTEyYzQxZiIsInVzZXJfaWQiOjF9.UiQjmNZqfIJgeGPhMv_nBgfaTeH1_qU06EmeaXQNENw",
    "created_at": "2025-05-01T17:39:54.928Z",
    "expires_at": "2025-05-02T17:39:54Z"
  }
},
{
  "model": "token_blacklist.outstandingtoken",
  "pk": 61,
  "fields": {
    "user": 11,
    "jti": "bc56f72a030a43a58c5fc8ba00f6eca3",
    "token": "eyJhbGciOiJIUzI1NiIsInR5cCI6IkpXVCJ9.eyJ0b2tlbl90eXBlIjoicmVmcmVzaCIsImV4cCI6MTc0NjQ0OTUwMywiaWF0IjoxNzQ2MzYzMTAzLCJqdGkiOiJiYzU2ZjcyYTAzMGE0M2E1OGM1ZmM4YmEwMGY2ZWNhMyIsInVzZXJfaWQiOjExfQ.4tUQVJICHP6nstGfCAPq_CtNGk5-rPXnpIZ4zRk0FMs",
    "created_at": "2025-05-04T12:51:43.406Z",
    "expires_at": "2025-05-05T12:51:43Z"
  }
},
{
  "model": "token_blacklist.outstandingtoken",
  "pk": 62,
  "fields": {
    "user": 10,
    "jti": "720ec4893c104ab18022a35aec40a4f3",
    "token": "eyJhbGciOiJIUzI1NiIsInR5cCI6IkpXVCJ9.eyJ0b2tlbl90eXBlIjoicmVmcmVzaCIsImV4cCI6MTc0NjQ1MDU1OCwiaWF0IjoxNzQ2MzY0MTU4LCJqdGkiOiI3MjBlYzQ4OTNjMTA0YWIxODAyMmEzNWFlYzQwYTRmMyIsInVzZXJfaWQiOjEwfQ.wKgG7uNpcUippxCROI1WBWvEG4YE1T067cGHlex0Qnc",
    "created_at": "2025-05-04T13:09:18.177Z",
    "expires_at": "2025-05-05T13:09:18Z"
  }
},
{
  "model": "token_blacklist.outstandingtoken",
  "pk": 63,
  "fields": {
    "user": 9,
    "jti": "a4b2e3804e144716948372d8eeaf9f48",
    "token": "eyJhbGciOiJIUzI1NiIsInR5cCI6IkpXVCJ9.eyJ0b2tlbl90eXBlIjoicmVmcmVzaCIsImV4cCI6MTc0NjQ1MDc2MCwiaWF0IjoxNzQ2MzY0MzYwLCJqdGkiOiJhNGIyZTM4MDRlMTQ0NzE2OTQ4MzcyZDhlZWFmOWY0OCIsInVzZXJfaWQiOjl9.iR6t6hWn0IZdRgFmK8TsTV64nS5hcQdAzIVNQqNA-wI",
    "created_at": "2025-05-04T13:12:40.870Z",
    "expires_at": "2025-05-05T13:12:40Z"
  }
},
{
  "model": "token_blacklist.outstandingtoken",
  "pk": 64,
  "fields": {
    "user": 13,
    "jti": "4265d8d134c1402db1b74eb0f282c542",
    "token": "eyJhbGciOiJIUzI1NiIsInR5cCI6IkpXVCJ9.eyJ0b2tlbl90eXBlIjoicmVmcmVzaCIsImV4cCI6MTc0NjU0OTc3MSwiaWF0IjoxNzQ2NDYzMzcxLCJqdGkiOiI0MjY1ZDhkMTM0YzE0MDJkYjFiNzRlYjBmMjgyYzU0MiIsInVzZXJfaWQiOjEzfQ.OwMeOIIifwf39fOESJ9AAQL_vRMFzdogbY7sfHElYtk",
    "created_at": "2025-05-05T16:42:51.680Z",
    "expires_at": "2025-05-06T16:42:51Z"
  }
},
{
  "model": "token_blacklist.outstandingtoken",
  "pk": 65,
  "fields": {
    "user": 11,
    "jti": "3be7a3dbd11f470a86620b402951b774",
    "token": "eyJhbGciOiJIUzI1NiIsInR5cCI6IkpXVCJ9.eyJ0b2tlbl90eXBlIjoicmVmcmVzaCIsImV4cCI6MTc0NjYxMDI2NCwiaWF0IjoxNzQ2NTIzODY0LCJqdGkiOiIzYmU3YTNkYmQxMWY0NzBhODY2MjBiNDAyOTUxYjc3NCIsInVzZXJfaWQiOjExfQ.zxgoXPiMZaB-N99QyVX2Nc78zOGndMfxCSdVnXzPrmE",
    "created_at": "2025-05-06T09:31:04.182Z",
    "expires_at": "2025-05-07T09:31:04Z"
  }
},
{
  "model": "token_blacklist.outstandingtoken",
  "pk": 66,
  "fields": {
    "user": 4,
    "jti": "063f6fcdf9e94667b71e1102c9335afe",
    "token": "eyJhbGciOiJIUzI1NiIsInR5cCI6IkpXVCJ9.eyJ0b2tlbl90eXBlIjoicmVmcmVzaCIsImV4cCI6MTc0NjYyMTEzMCwiaWF0IjoxNzQ2NTM0NzMwLCJqdGkiOiIwNjNmNmZjZGY5ZTk0NjY3YjcxZTExMDJjOTMzNWFmZSIsInVzZXJfaWQiOjR9.xQ2IhBbDGKEV36K6m6SD2CGwZ_uo4TQLwH_wG4DzNvY",
    "created_at": "2025-05-06T12:32:10.925Z",
    "expires_at": "2025-05-07T12:32:10Z"
  }
},
{
  "model": "token_blacklist.outstandingtoken",
  "pk": 67,
  "fields": {
    "user": 9,
    "jti": "78037d61d6fc4f189c61fd6f672ff50f",
    "token": "eyJhbGciOiJIUzI1NiIsInR5cCI6IkpXVCJ9.eyJ0b2tlbl90eXBlIjoicmVmcmVzaCIsImV4cCI6MTc0NjYyMTMyNSwiaWF0IjoxNzQ2NTM0OTI1LCJqdGkiOiI3ODAzN2Q2MWQ2ZmM0ZjE4OWM2MWZkNmY2NzJmZjUwZiIsInVzZXJfaWQiOjl9.IYa8GsF1nt-BM6aQgha_q5lGedwCQZyUISxLqkPMKY4",
    "created_at": "2025-05-06T12:35:25.221Z",
    "expires_at": "2025-05-07T12:35:25Z"
  }
},
{
  "model": "token_blacklist.outstandingtoken",
  "pk": 68,
  "fields": {
    "user": 11,
    "jti": "afbd0cd6b59347a898f52ef5cc7b1987",
    "token": "eyJhbGciOiJIUzI1NiIsInR5cCI6IkpXVCJ9.eyJ0b2tlbl90eXBlIjoicmVmcmVzaCIsImV4cCI6MTc0NjYyMTUxMywiaWF0IjoxNzQ2NTM1MTEzLCJqdGkiOiJhZmJkMGNkNmI1OTM0N2E4OThmNTJlZjVjYzdiMTk4NyIsInVzZXJfaWQiOjExfQ.YViGXKg0UIXyEKzt_co9FtLU10I7mA32nvliOLRvI_0",
    "created_at": "2025-05-06T12:38:33.955Z",
    "expires_at": "2025-05-07T12:38:33Z"
  }
},
{
  "model": "token_blacklist.outstandingtoken",
  "pk": 69,
  "fields": {
    "user": 1,
    "jti": "b9267aedd0214ca59d3d7538a39e5b23",
    "token": "eyJhbGciOiJIUzI1NiIsInR5cCI6IkpXVCJ9.eyJ0b2tlbl90eXBlIjoicmVmcmVzaCIsImV4cCI6MTc0NjY2MDQ3NywiaWF0IjoxNzQ2NTc0MDc3LCJqdGkiOiJiOTI2N2FlZGQwMjE0Y2E1OWQzZDc1MzhhMzllNWIyMyIsInVzZXJfaWQiOjF9.G4OoxdYmegxZ2EjCpyg4OpOOAObtfRQGsuBDpbUdPG8",
    "created_at": "2025-05-06T23:27:57.660Z",
    "expires_at": "2025-05-07T23:27:57Z"
  }
},
{
  "model": "token_blacklist.outstandingtoken",
  "pk": 70,
  "fields": {
    "user": 4,
    "jti": "3a6943bef35541d9a8008057e78136b2",
    "token": "eyJhbGciOiJIUzI1NiIsInR5cCI6IkpXVCJ9.eyJ0b2tlbl90eXBlIjoicmVmcmVzaCIsImV4cCI6MTc0NjY2MDUyNCwiaWF0IjoxNzQ2NTc0MTI0LCJqdGkiOiIzYTY5NDNiZWYzNTU0MWQ5YTgwMDgwNTdlNzgxMzZiMiIsInVzZXJfaWQiOjR9.wnMunRwj1lIMNHTdM6lqSvtf8NXQ-ppWmV5OTymN9KI",
    "created_at": "2025-05-06T23:28:44.116Z",
    "expires_at": "2025-05-07T23:28:44Z"
  }
},
{
  "model": "token_blacklist.outstandingtoken",
  "pk": 71,
  "fields": {
    "user": 13,
    "jti": "688a44a9b89c4598bacb45fda942c1ca",
    "token": "eyJhbGciOiJIUzI1NiIsInR5cCI6IkpXVCJ9.eyJ0b2tlbl90eXBlIjoicmVmcmVzaCIsImV4cCI6MTc0NjY2MDYyOSwiaWF0IjoxNzQ2NTc0MjI5LCJqdGkiOiI2ODhhNDRhOWI4OWM0NTk4YmFjYjQ1ZmRhOTQyYzFjYSIsInVzZXJfaWQiOjEzfQ.j2VXaNKJ1M9o1ysKXTEhhFvtNg3c5_yvl37V6Kaf8c4",
    "created_at": "2025-05-06T23:30:29.389Z",
    "expires_at": "2025-05-07T23:30:29Z"
  }
},
{
  "model": "token_blacklist.outstandingtoken",
  "pk": 72,
  "fields": {
    "user": 1,
    "jti": "de633f6222f34cf287164832d514a7a4",
    "token": "eyJhbGciOiJIUzI1NiIsInR5cCI6IkpXVCJ9.eyJ0b2tlbl90eXBlIjoicmVmcmVzaCIsImV4cCI6MTc0NjY2MDg2NCwiaWF0IjoxNzQ2NTc0NDY0LCJqdGkiOiJkZTYzM2Y2MjIyZjM0Y2YyODcxNjQ4MzJkNTE0YTdhNCIsInVzZXJfaWQiOjF9.dWQWJJ3a_NfUdfgZKAWFdYNSvDfVCZIYSyYrabll488",
    "created_at": "2025-05-06T23:34:24.507Z",
    "expires_at": "2025-05-07T23:34:24Z"
  }
},
{
  "model": "token_blacklist.outstandingtoken",
  "pk": 73,
  "fields": {
    "user": 1,
    "jti": "62d066bdab094e4d99c3fa9c226b03af",
    "token": "eyJhbGciOiJIUzI1NiIsInR5cCI6IkpXVCJ9.eyJ0b2tlbl90eXBlIjoicmVmcmVzaCIsImV4cCI6MTc0NjY2MDk3NCwiaWF0IjoxNzQ2NTc0NTc0LCJqdGkiOiI2MmQwNjZiZGFiMDk0ZTRkOTljM2ZhOWMyMjZiMDNhZiIsInVzZXJfaWQiOjF9.93bW-I51IeUkx0KTwrBLSfb1ceta_yTHRXuuC-ySTGw",
    "created_at": "2025-05-06T23:36:14.117Z",
    "expires_at": "2025-05-07T23:36:14Z"
  }
},
{
  "model": "token_blacklist.outstandingtoken",
  "pk": 74,
  "fields": {
    "user": 4,
    "jti": "b6c9ef6b6c8847bebd09aa5203d14f7f",
    "token": "eyJhbGciOiJIUzI1NiIsInR5cCI6IkpXVCJ9.eyJ0b2tlbl90eXBlIjoicmVmcmVzaCIsImV4cCI6MTc0NjY2MTE2MSwiaWF0IjoxNzQ2NTc0NzYxLCJqdGkiOiJiNmM5ZWY2YjZjODg0N2JlYmQwOWFhNTIwM2QxNGY3ZiIsInVzZXJfaWQiOjR9.JvynVg8TdUt6tdT42E3lK4CJARbp022cK-WbC4OYCqg",
    "created_at": "2025-05-06T23:39:21.296Z",
    "expires_at": "2025-05-07T23:39:21Z"
  }
},
{
  "model": "token_blacklist.outstandingtoken",
  "pk": 75,
  "fields": {
    "user": 12,
    "jti": "df7d999645844fe29fdf27c0b0eb8bc3",
    "token": "eyJhbGciOiJIUzI1NiIsInR5cCI6IkpXVCJ9.eyJ0b2tlbl90eXBlIjoicmVmcmVzaCIsImV4cCI6MTc0NjY2MTE4NiwiaWF0IjoxNzQ2NTc0Nzg2LCJqdGkiOiJkZjdkOTk5NjQ1ODQ0ZmUyOWZkZjI3YzBiMGViOGJjMyIsInVzZXJfaWQiOjEyfQ._O-EuYpYddxpj9oaQFxZSNHsFoiwafMqkqSexPvpqmQ",
    "created_at": "2025-05-06T23:39:46.071Z",
    "expires_at": "2025-05-07T23:39:46Z"
  }
},
{
  "model": "token_blacklist.outstandingtoken",
  "pk": 76,
  "fields": {
    "user": 13,
    "jti": "d2ec7802a29b400fa9deb155d4c8cd15",
    "token": "eyJhbGciOiJIUzI1NiIsInR5cCI6IkpXVCJ9.eyJ0b2tlbl90eXBlIjoicmVmcmVzaCIsImV4cCI6MTc0NjY5MjU4NywiaWF0IjoxNzQ2NjA2MTg3LCJqdGkiOiJkMmVjNzgwMmEyOWI0MDBmYTlkZWIxNTVkNGM4Y2QxNSIsInVzZXJfaWQiOjEzfQ.gFauyV3zZ4gvDq9GMc-m7Wi5Zq1TIgGh6cUG1QERi9k",
    "created_at": "2025-05-07T08:23:07.603Z",
    "expires_at": "2025-05-08T08:23:07Z"
  }
},
{
  "model": "token_blacklist.outstandingtoken",
  "pk": 77,
  "fields": {
    "user": 14,
    "jti": "c5da14a1fc8446899367656b5326e8a1",
    "token": "eyJhbGciOiJIUzI1NiIsInR5cCI6IkpXVCJ9.eyJ0b2tlbl90eXBlIjoicmVmcmVzaCIsImV4cCI6MTc0NjY5MjczMywiaWF0IjoxNzQ2NjA2MzMzLCJqdGkiOiJjNWRhMTRhMWZjODQ0Njg5OTM2NzY1NmI1MzI2ZThhMSIsInVzZXJfaWQiOjE0fQ.ag6o4ZFgKC1b2DL0H6yq4GfMNM-NUmAE-BnRrdWrDTQ",
    "created_at": "2025-05-07T08:25:33.349Z",
    "expires_at": "2025-05-08T08:25:33Z"
  }
},
{
  "model": "token_blacklist.outstandingtoken",
  "pk": 78,
  "fields": {
    "user": 13,
    "jti": "6570add8982e4327873c8a7132063e7e",
    "token": "eyJhbGciOiJIUzI1NiIsInR5cCI6IkpXVCJ9.eyJ0b2tlbl90eXBlIjoicmVmcmVzaCIsImV4cCI6MTc0NjY5Mjg5OSwiaWF0IjoxNzQ2NjA2NDk5LCJqdGkiOiI2NTcwYWRkODk4MmU0MzI3ODczYzhhNzEzMjA2M2U3ZSIsInVzZXJfaWQiOjEzfQ._5Ryq-OvuISpDClq5qz7G-AVmeqs3JyVe-VL3b0a6Z0",
    "created_at": "2025-05-07T08:28:19.460Z",
    "expires_at": "2025-05-08T08:28:19Z"
  }
},
{
  "model": "token_blacklist.outstandingtoken",
  "pk": 79,
  "fields": {
    "user": 10,
    "jti": "f7dbcce9612646439c73ca740ec7a24a",
    "token": "eyJhbGciOiJIUzI1NiIsInR5cCI6IkpXVCJ9.eyJ0b2tlbl90eXBlIjoicmVmcmVzaCIsImV4cCI6MTc0NjY5MzE3MCwiaWF0IjoxNzQ2NjA2NzcwLCJqdGkiOiJmN2RiY2NlOTYxMjY0NjQzOWM3M2NhNzQwZWM3YTI0YSIsInVzZXJfaWQiOjEwfQ.sYgdtZoTjkqccINP9N-OG_g0GQWULpYsydj41-oSKUk",
    "created_at": "2025-05-07T08:32:50.704Z",
    "expires_at": "2025-05-08T08:32:50Z"
  }
},
{
  "model": "token_blacklist.outstandingtoken",
  "pk": 80,
  "fields": {
    "user": 11,
    "jti": "15ff74dcfcb243ef8d79db2944fba8ea",
    "token": "eyJhbGciOiJIUzI1NiIsInR5cCI6IkpXVCJ9.eyJ0b2tlbl90eXBlIjoicmVmcmVzaCIsImV4cCI6MTc0NjY5MzIyOCwiaWF0IjoxNzQ2NjA2ODI4LCJqdGkiOiIxNWZmNzRkY2ZjYjI0M2VmOGQ3OWRiMjk0NGZiYThlYSIsInVzZXJfaWQiOjExfQ.5GsM60aX5Sd1B5Yeusx-NvKbGNTj3jOeBqe_rBnSPZM",
    "created_at": "2025-05-07T08:33:48.627Z",
    "expires_at": "2025-05-08T08:33:48Z"
  }
},
{
  "model": "token_blacklist.outstandingtoken",
  "pk": 81,
  "fields": {
    "user": 1,
    "jti": "8d091bbfb0074e0eab5673ab2436a4e7",
    "token": "eyJhbGciOiJIUzI1NiIsInR5cCI6IkpXVCJ9.eyJ0b2tlbl90eXBlIjoicmVmcmVzaCIsImV4cCI6MTc0NjY5NDU0NywiaWF0IjoxNzQ2NjA4MTQ3LCJqdGkiOiI4ZDA5MWJiZmIwMDc0ZTBlYWI1NjczYWIyNDM2YTRlNyIsInVzZXJfaWQiOjF9.7LmzyRy7olh6uH93UxzR8-jaFpIgEQpD-ZELCIjszLs",
    "created_at": "2025-05-07T08:55:47.755Z",
    "expires_at": "2025-05-08T08:55:47Z"
  }
},
{
  "model": "token_blacklist.outstandingtoken",
  "pk": 82,
  "fields": {
    "user": 12,
    "jti": "737a6c9a5d0b41e79f794b219c369303",
    "token": "eyJhbGciOiJIUzI1NiIsInR5cCI6IkpXVCJ9.eyJ0b2tlbl90eXBlIjoicmVmcmVzaCIsImV4cCI6MTc0NjY5NDU4OSwiaWF0IjoxNzQ2NjA4MTg5LCJqdGkiOiI3MzdhNmM5YTVkMGI0MWU3OWY3OTRiMjE5YzM2OTMwMyIsInVzZXJfaWQiOjEyfQ.GZcX1fKizqKDoH2zwJDLgy3UsjMnEsO3BLIwW9WZoT8",
    "created_at": "2025-05-07T08:56:29.116Z",
    "expires_at": "2025-05-08T08:56:29Z"
  }
},
{
  "model": "token_blacklist.outstandingtoken",
  "pk": 83,
  "fields": {
    "user": 10,
    "jti": "9237c4b928a04d0f9d385f6da4ddeaf4",
    "token": "eyJhbGciOiJIUzI1NiIsInR5cCI6IkpXVCJ9.eyJ0b2tlbl90eXBlIjoicmVmcmVzaCIsImV4cCI6MTc0NjY5NTExMywiaWF0IjoxNzQ2NjA4NzEzLCJqdGkiOiI5MjM3YzRiOTI4YTA0ZDBmOWQzODVmNmRhNGRkZWFmNCIsInVzZXJfaWQiOjEwfQ.L5HjT5dLfkH3ggSOqo2CpGq_pgBYIloQoSyaty5-sik",
    "created_at": "2025-05-07T09:05:13.760Z",
    "expires_at": "2025-05-08T09:05:13Z"
  }
},
{
  "model": "token_blacklist.outstandingtoken",
  "pk": 84,
  "fields": {
    "user": 10,
    "jti": "5800a38e81ac4c08833956d09c5fb092",
    "token": "eyJhbGciOiJIUzI1NiIsInR5cCI6IkpXVCJ9.eyJ0b2tlbl90eXBlIjoicmVmcmVzaCIsImV4cCI6MTc0NjY5NTE2OSwiaWF0IjoxNzQ2NjA4NzY5LCJqdGkiOiI1ODAwYTM4ZTgxYWM0YzA4ODMzOTU2ZDA5YzVmYjA5MiIsInVzZXJfaWQiOjEwfQ.9fy_w4GE3AsvWB6YquBAmEFqOcLYESZjAjh2Autcb8w",
    "created_at": "2025-05-07T09:06:09.571Z",
    "expires_at": "2025-05-08T09:06:09Z"
  }
},
{
  "model": "token_blacklist.outstandingtoken",
  "pk": 85,
  "fields": {
    "user": 1,
    "jti": "f2cf3d05832c40edb012bdb39ae27536",
    "token": "eyJhbGciOiJIUzI1NiIsInR5cCI6IkpXVCJ9.eyJ0b2tlbl90eXBlIjoicmVmcmVzaCIsImV4cCI6MTc0NjY5NTM3OCwiaWF0IjoxNzQ2NjA4OTc4LCJqdGkiOiJmMmNmM2QwNTgzMmM0MGVkYjAxMmJkYjM5YWUyNzUzNiIsInVzZXJfaWQiOjF9.YK6MKyzBtvcLZyMH7UfPwogL-KZCdaChIu9DPmy4Q5Q",
    "created_at": "2025-05-07T09:09:38.732Z",
    "expires_at": "2025-05-08T09:09:38Z"
  }
},
{
  "model": "token_blacklist.outstandingtoken",
  "pk": 86,
  "fields": {
    "user": 10,
    "jti": "3c0701101e7b4167863d9b8c38f35927",
    "token": "eyJhbGciOiJIUzI1NiIsInR5cCI6IkpXVCJ9.eyJ0b2tlbl90eXBlIjoicmVmcmVzaCIsImV4cCI6MTc0NjY5NTcwNSwiaWF0IjoxNzQ2NjA5MzA1LCJqdGkiOiIzYzA3MDExMDFlN2I0MTY3ODYzZDliOGMzOGYzNTkyNyIsInVzZXJfaWQiOjEwfQ.-CBSperNyysuZdx3BGACC6yeX10-S6TMYmKkruOpXWk",
    "created_at": "2025-05-07T09:15:05.558Z",
    "expires_at": "2025-05-08T09:15:05Z"
  }
},
{
  "model": "token_blacklist.outstandingtoken",
  "pk": 87,
  "fields": {
    "user": 9,
    "jti": "48e23a2642064b6295ee9ffec112bebc",
    "token": "eyJhbGciOiJIUzI1NiIsInR5cCI6IkpXVCJ9.eyJ0b2tlbl90eXBlIjoicmVmcmVzaCIsImV4cCI6MTc0NjY5NjAwOSwiaWF0IjoxNzQ2NjA5NjA5LCJqdGkiOiI0OGUyM2EyNjQyMDY0YjYyOTVlZTlmZmVjMTEyYmViYyIsInVzZXJfaWQiOjl9.BigYjGxm8k7VSJg4TqluMRcH58bqjUbEJUiZ_C-FPnw",
    "created_at": "2025-05-07T09:20:09.593Z",
    "expires_at": "2025-05-08T09:20:09Z"
  }
},
{
  "model": "token_blacklist.outstandingtoken",
  "pk": 88,
  "fields": {
    "user": 11,
    "jti": "5d4c50ed74404f4480e5dc36bd10fa96",
    "token": "eyJhbGciOiJIUzI1NiIsInR5cCI6IkpXVCJ9.eyJ0b2tlbl90eXBlIjoicmVmcmVzaCIsImV4cCI6MTc0NjY5NjIyMiwiaWF0IjoxNzQ2NjA5ODIyLCJqdGkiOiI1ZDRjNTBlZDc0NDA0ZjQ0ODBlNWRjMzZiZDEwZmE5NiIsInVzZXJfaWQiOjExfQ.EDwXUAA-379RRtp5-msc1aGc7CLpk-0x_0ZBmy4c0FU",
    "created_at": "2025-05-07T09:23:42.640Z",
    "expires_at": "2025-05-08T09:23:42Z"
  }
},
{
  "model": "token_blacklist.outstandingtoken",
  "pk": 89,
  "fields": {
    "user": 1,
    "jti": "fd0c7427ab464c3dafaa4ad6069d4c7c",
    "token": "eyJhbGciOiJIUzI1NiIsInR5cCI6IkpXVCJ9.eyJ0b2tlbl90eXBlIjoicmVmcmVzaCIsImV4cCI6MTc0NjY5NjkwMCwiaWF0IjoxNzQ2NjEwNTAwLCJqdGkiOiJmZDBjNzQyN2FiNDY0YzNkYWZhYTRhZDYwNjlkNGM3YyIsInVzZXJfaWQiOjF9.9kVRgKft6RG-JQwl8UC9KMWxF96ZvplYaaQmaU9MciY",
    "created_at": "2025-05-07T09:35:00.807Z",
    "expires_at": "2025-05-08T09:35:00Z"
  }
},
{
  "model": "token_blacklist.outstandingtoken",
  "pk": 90,
  "fields": {
    "user": 10,
    "jti": "545af3bccf3340818ad969703f49493e",
    "token": "eyJhbGciOiJIUzI1NiIsInR5cCI6IkpXVCJ9.eyJ0b2tlbl90eXBlIjoicmVmcmVzaCIsImV4cCI6MTc0NjY5Njk2MSwiaWF0IjoxNzQ2NjEwNTYxLCJqdGkiOiI1NDVhZjNiY2NmMzM0MDgxOGFkOTY5NzAzZjQ5NDkzZSIsInVzZXJfaWQiOjEwfQ.GG7fAG46esErJE0VrKWzwczDcgsy99dUtRmoSXMzw9I",
    "created_at": "2025-05-07T09:36:01.570Z",
    "expires_at": "2025-05-08T09:36:01Z"
  }
},
{
  "model": "token_blacklist.outstandingtoken",
  "pk": 91,
  "fields": {
    "user": 11,
    "jti": "e1aa4fa5d69f432c8e58db24f5f982d8",
    "token": "eyJhbGciOiJIUzI1NiIsInR5cCI6IkpXVCJ9.eyJ0b2tlbl90eXBlIjoicmVmcmVzaCIsImV4cCI6MTc0NjY5Njk3MCwiaWF0IjoxNzQ2NjEwNTcwLCJqdGkiOiJlMWFhNGZhNWQ2OWY0MzJjOGU1OGRiMjRmNWY5ODJkOCIsInVzZXJfaWQiOjExfQ.9xCwXSgmTboBawBz41NqxG538ACCd_qXpFKAMufkQVA",
    "created_at": "2025-05-07T09:36:10.450Z",
    "expires_at": "2025-05-08T09:36:10Z"
  }
},
{
  "model": "token_blacklist.outstandingtoken",
  "pk": 92,
  "fields": {
    "user": 1,
    "jti": "ee57bbd8ec98401086861bd578a5cf9e",
    "token": "eyJhbGciOiJIUzI1NiIsInR5cCI6IkpXVCJ9.eyJ0b2tlbl90eXBlIjoicmVmcmVzaCIsImV4cCI6MTc0NjY5NzExNiwiaWF0IjoxNzQ2NjEwNzE2LCJqdGkiOiJlZTU3YmJkOGVjOTg0MDEwODY4NjFiZDU3OGE1Y2Y5ZSIsInVzZXJfaWQiOjF9.w1yuPY5t00JDu5yYBja3pR06NxenPQ3sROiLW097gqE",
    "created_at": "2025-05-07T09:38:36.533Z",
    "expires_at": "2025-05-08T09:38:36Z"
  }
},
{
  "model": "token_blacklist.outstandingtoken",
  "pk": 93,
  "fields": {
    "user": 10,
    "jti": "5cdcb7450fba44ebb562ff15e434de5e",
    "token": "eyJhbGciOiJIUzI1NiIsInR5cCI6IkpXVCJ9.eyJ0b2tlbl90eXBlIjoicmVmcmVzaCIsImV4cCI6MTc0NjY5NzQxNCwiaWF0IjoxNzQ2NjExMDE0LCJqdGkiOiI1Y2RjYjc0NTBmYmE0NGViYjU2MmZmMTVlNDM0ZGU1ZSIsInVzZXJfaWQiOjEwfQ.km8_bVzgwekuz19uqPY2YZxmIRha1TDvB2E0WnqUmYA",
    "created_at": "2025-05-07T09:43:34.977Z",
    "expires_at": "2025-05-08T09:43:34Z"
  }
},
{
  "model": "token_blacklist.outstandingtoken",
  "pk": 94,
  "fields": {
    "user": 11,
    "jti": "6d1867ebb37c4185a377fa99684f7ffc",
    "token": "eyJhbGciOiJIUzI1NiIsInR5cCI6IkpXVCJ9.eyJ0b2tlbl90eXBlIjoicmVmcmVzaCIsImV4cCI6MTc0NjY5NzQ1OCwiaWF0IjoxNzQ2NjExMDU4LCJqdGkiOiI2ZDE4NjdlYmIzN2M0MTg1YTM3N2ZhOTk2ODRmN2ZmYyIsInVzZXJfaWQiOjExfQ.tlzwLDMHlPjEms3WyF4ELFQpBdj4WgXueDhAKqTFIZQ",
    "created_at": "2025-05-07T09:44:18.504Z",
    "expires_at": "2025-05-08T09:44:18Z"
  }
},
{
  "model": "token_blacklist.outstandingtoken",
  "pk": 95,
  "fields": {
    "user": 11,
    "jti": "00826127a53d408ea6f3028a197269e7",
    "token": "eyJhbGciOiJIUzI1NiIsInR5cCI6IkpXVCJ9.eyJ0b2tlbl90eXBlIjoicmVmcmVzaCIsImV4cCI6MTc0NjY5Nzg5NywiaWF0IjoxNzQ2NjExNDk3LCJqdGkiOiIwMDgyNjEyN2E1M2Q0MDhlYTZmMzAyOGExOTcyNjllNyIsInVzZXJfaWQiOjExfQ.aLc1Lj4sF2yXgZWxrRh4mw2Bs8CEUXwCBNKzSDPok94",
    "created_at": "2025-05-07T09:51:37.539Z",
    "expires_at": "2025-05-08T09:51:37Z"
  }
},
{
  "model": "token_blacklist.outstandingtoken",
  "pk": 96,
  "fields": {
    "user": 13,
    "jti": "871682e4cd7f41bea0e6ce52055c96cf",
    "token": "eyJhbGciOiJIUzI1NiIsInR5cCI6IkpXVCJ9.eyJ0b2tlbl90eXBlIjoicmVmcmVzaCIsImV4cCI6MTc0NjY5ODQ2OSwiaWF0IjoxNzQ2NjEyMDY5LCJqdGkiOiI4NzE2ODJlNGNkN2Y0MWJlYTBlNmNlNTIwNTVjOTZjZiIsInVzZXJfaWQiOjEzfQ.B9_bn9YxjBPaCOGi66vHYaFzj19x2VjnIXN4ocwULko",
    "created_at": "2025-05-07T10:01:09.313Z",
    "expires_at": "2025-05-08T10:01:09Z"
  }
},
{
  "model": "token_blacklist.outstandingtoken",
  "pk": 97,
  "fields": {
    "user": 9,
    "jti": "9779a89236ac4a57bed3dd8facac149c",
    "token": "eyJhbGciOiJIUzI1NiIsInR5cCI6IkpXVCJ9.eyJ0b2tlbl90eXBlIjoicmVmcmVzaCIsImV4cCI6MTc0NjY5ODY4NSwiaWF0IjoxNzQ2NjEyMjg1LCJqdGkiOiI5Nzc5YTg5MjM2YWM0YTU3YmVkM2RkOGZhY2FjMTQ5YyIsInVzZXJfaWQiOjl9.MC1FeBCD9zbjn5y5AYF03LTFiZp0T-UGhY_sOpdh_VQ",
    "created_at": "2025-05-07T10:04:45.050Z",
    "expires_at": "2025-05-08T10:04:45Z"
  }
},
{
  "model": "token_blacklist.outstandingtoken",
  "pk": 98,
  "fields": {
    "user": 10,
    "jti": "11d96ea4df134b5fac15bf57482b81b3",
    "token": "eyJhbGciOiJIUzI1NiIsInR5cCI6IkpXVCJ9.eyJ0b2tlbl90eXBlIjoicmVmcmVzaCIsImV4cCI6MTc0NjY5ODcyMSwiaWF0IjoxNzQ2NjEyMzIxLCJqdGkiOiIxMWQ5NmVhNGRmMTM0YjVmYWMxNWJmNTc0ODJiODFiMyIsInVzZXJfaWQiOjEwfQ.Q_eWoET40mWF-mgv0-YPIs7dEQ_1romSP1oxwre74Go",
    "created_at": "2025-05-07T10:05:21.981Z",
    "expires_at": "2025-05-08T10:05:21Z"
  }
},
{
  "model": "token_blacklist.outstandingtoken",
  "pk": 99,
  "fields": {
    "user": 9,
    "jti": "435af890a05b47e89f34885238610211",
    "token": "eyJhbGciOiJIUzI1NiIsInR5cCI6IkpXVCJ9.eyJ0b2tlbl90eXBlIjoicmVmcmVzaCIsImV4cCI6MTc0NjY5OTE0MCwiaWF0IjoxNzQ2NjEyNzQwLCJqdGkiOiI0MzVhZjg5MGEwNWI0N2U4OWYzNDg4NTIzODYxMDIxMSIsInVzZXJfaWQiOjl9.9NgRWKOUSmrgqq6zJJudwK-E3R7JNjsHklAP78UnpXE",
    "created_at": "2025-05-07T10:12:20.710Z",
    "expires_at": "2025-05-08T10:12:20Z"
  }
},
{
  "model": "token_blacklist.outstandingtoken",
  "pk": 100,
  "fields": {
    "user": 10,
    "jti": "606ca2a88d9146808b09fce9a5453bfa",
    "token": "eyJhbGciOiJIUzI1NiIsInR5cCI6IkpXVCJ9.eyJ0b2tlbl90eXBlIjoicmVmcmVzaCIsImV4cCI6MTc0NjcwMDQxMywiaWF0IjoxNzQ2NjE0MDEzLCJqdGkiOiI2MDZjYTJhODhkOTE0NjgwOGIwOWZjZTlhNTQ1M2JmYSIsInVzZXJfaWQiOjEwfQ.4JDbiEMPRb6CY42ihYWcduQDNflIoypOTEfcv8enVZ4",
    "created_at": "2025-05-07T10:33:33.954Z",
    "expires_at": "2025-05-08T10:33:33Z"
  }
},
{
  "model": "token_blacklist.outstandingtoken",
  "pk": 101,
  "fields": {
    "user": 9,
    "jti": "af7603f9f49b44069ce6991b3a3e94a7",
    "token": "eyJhbGciOiJIUzI1NiIsInR5cCI6IkpXVCJ9.eyJ0b2tlbl90eXBlIjoicmVmcmVzaCIsImV4cCI6MTc0NjcwMDUyNiwiaWF0IjoxNzQ2NjE0MTI2LCJqdGkiOiJhZjc2MDNmOWY0OWI0NDA2OWNlNjk5MWIzYTNlOTRhNyIsInVzZXJfaWQiOjl9.WyKpDgaduYsgUfAzpk5GrTRjzRnqIj3_dDNlZmTP_u0",
    "created_at": "2025-05-07T10:35:26.766Z",
    "expires_at": "2025-05-08T10:35:26Z"
  }
},
{
  "model": "token_blacklist.outstandingtoken",
  "pk": 102,
  "fields": {
    "user": 1,
    "jti": "7ff13dcf0fa145139b9bec738cd48256",
    "token": "eyJhbGciOiJIUzI1NiIsInR5cCI6IkpXVCJ9.eyJ0b2tlbl90eXBlIjoicmVmcmVzaCIsImV4cCI6MTc0NjkxODY3OSwiaWF0IjoxNzQ2ODMyMjc5LCJqdGkiOiI3ZmYxM2RjZjBmYTE0NTEzOWI5YmVjNzM4Y2Q0ODI1NiIsInVzZXJfaWQiOjF9.itNCoxnvgK_XlVQhuC0adFQ4Un68DZhT-TiG-o80Msw",
    "created_at": "2025-05-09T23:11:19.455Z",
    "expires_at": "2025-05-10T23:11:19Z"
  }
},
{
  "model": "token_blacklist.outstandingtoken",
  "pk": 103,
  "fields": {
    "user": 13,
    "jti": "2b4b96f55b71410dbf43dbc7f83fea4c",
    "token": "eyJhbGciOiJIUzI1NiIsInR5cCI6IkpXVCJ9.eyJ0b2tlbl90eXBlIjoicmVmcmVzaCIsImV4cCI6MTc0NjkxOTIzNCwiaWF0IjoxNzQ2ODMyODM0LCJqdGkiOiIyYjRiOTZmNTViNzE0MTBkYmY0M2RiYzdmODNmZWE0YyIsInVzZXJfaWQiOjEzfQ.-8Fr76z4dYKB4qDEDX-Iilip-xaEGG_4ZLKjxqteBQ0",
    "created_at": "2025-05-09T23:20:34.818Z",
    "expires_at": "2025-05-10T23:20:34Z"
  }
},
{
  "model": "token_blacklist.outstandingtoken",
  "pk": 104,
  "fields": {
    "user": 9,
    "jti": "3b1902e57eed48e5a4e76f85159f6846",
    "token": "eyJhbGciOiJIUzI1NiIsInR5cCI6IkpXVCJ9.eyJ0b2tlbl90eXBlIjoicmVmcmVzaCIsImV4cCI6MTc0NjkxOTM3OSwiaWF0IjoxNzQ2ODMyOTc5LCJqdGkiOiIzYjE5MDJlNTdlZWQ0OGU1YTRlNzZmODUxNTlmNjg0NiIsInVzZXJfaWQiOjl9.NHfeXhqypnbAllej-zPb_MV5WLtsfzVHog_xBBnCuoY",
    "created_at": "2025-05-09T23:22:59.422Z",
    "expires_at": "2025-05-10T23:22:59Z"
  }
},
{
  "model": "token_blacklist.outstandingtoken",
  "pk": 105,
  "fields": {
    "user": 13,
    "jti": "3a06560ac1504bf19bc730fcc2eec8ba",
    "token": "eyJhbGciOiJIUzI1NiIsInR5cCI6IkpXVCJ9.eyJ0b2tlbl90eXBlIjoicmVmcmVzaCIsImV4cCI6MTc0Njk0OTE3NiwiaWF0IjoxNzQ2ODYyNzc2LCJqdGkiOiIzYTA2NTYwYWMxNTA0YmYxOWJjNzMwZmNjMmVlYzhiYSIsInVzZXJfaWQiOjEzfQ.cnue33Kns2e51TTKA8SJlJNWYJJAXTID4JBUr6CIoBs",
    "created_at": "2025-05-10T07:39:36.971Z",
    "expires_at": "2025-05-11T07:39:36Z"
  }
},
{
  "model": "token_blacklist.outstandingtoken",
  "pk": 106,
  "fields": {
    "user": 10,
    "jti": "beb4b97320044a659e3de4042811e197",
    "token": "eyJhbGciOiJIUzI1NiIsInR5cCI6IkpXVCJ9.eyJ0b2tlbl90eXBlIjoicmVmcmVzaCIsImV4cCI6MTc0Njk1NTM2MiwiaWF0IjoxNzQ2ODY4OTYyLCJqdGkiOiJiZWI0Yjk3MzIwMDQ0YTY1OWUzZGU0MDQyODExZTE5NyIsInVzZXJfaWQiOjEwfQ.O93p_2NSmb4iCeWyM-RMfV3KmDAxfxiRB1c6jZvFNQ8",
    "created_at": "2025-05-10T09:22:42.776Z",
    "expires_at": "2025-05-11T09:22:42Z"
  }
},
{
  "model": "token_blacklist.outstandingtoken",
  "pk": 107,
  "fields": {
    "user": 13,
    "jti": "ffec9c1d15d342a9a3c27550876c51a6",
    "token": "eyJhbGciOiJIUzI1NiIsInR5cCI6IkpXVCJ9.eyJ0b2tlbl90eXBlIjoicmVmcmVzaCIsImV4cCI6MTc0Njk1NjEyMywiaWF0IjoxNzQ2ODY5NzIzLCJqdGkiOiJmZmVjOWMxZDE1ZDM0MmE5YTNjMjc1NTA4NzZjNTFhNiIsInVzZXJfaWQiOjEzfQ.YWoa6qsr_ILLSEfGoO4iX6KSghRLpkCsK3AaZDCyUyE",
    "created_at": "2025-05-10T09:35:23.658Z",
    "expires_at": "2025-05-11T09:35:23Z"
  }
},
{
  "model": "token_blacklist.outstandingtoken",
  "pk": 108,
  "fields": {
    "user": 1,
    "jti": "537d67bd8eba48a1be5a2e421952689b",
    "token": "eyJhbGciOiJIUzI1NiIsInR5cCI6IkpXVCJ9.eyJ0b2tlbl90eXBlIjoicmVmcmVzaCIsImV4cCI6MTc0Njk1ODIzMiwiaWF0IjoxNzQ2ODcxODMyLCJqdGkiOiI1MzdkNjdiZDhlYmE0OGExYmU1YTJlNDIxOTUyNjg5YiIsInVzZXJfaWQiOjF9.KLm2-1BakYFPIrx7AJCIzQ1BwtzIWuDbJMY2GXp8nJQ",
    "created_at": "2025-05-10T10:10:32.213Z",
    "expires_at": "2025-05-11T10:10:32Z"
  }
},
{
  "model": "token_blacklist.outstandingtoken",
  "pk": 109,
  "fields": {
    "user": 13,
    "jti": "f7424f4e48f8435cb8c9adc046c7378c",
    "token": "eyJhbGciOiJIUzI1NiIsInR5cCI6IkpXVCJ9.eyJ0b2tlbl90eXBlIjoicmVmcmVzaCIsImV4cCI6MTc0Njk1ODU5MiwiaWF0IjoxNzQ2ODcyMTkyLCJqdGkiOiJmNzQyNGY0ZTQ4Zjg0MzVjYjhjOWFkYzA0NmM3Mzc4YyIsInVzZXJfaWQiOjEzfQ.qPZLAdUyblGrtVTDWu7GymjrYHqyovkPPUcDC8XoPyA",
    "created_at": "2025-05-10T10:16:32.445Z",
    "expires_at": "2025-05-11T10:16:32Z"
  }
},
{
  "model": "token_blacklist.outstandingtoken",
  "pk": 110,
  "fields": {
    "user": 17,
    "jti": "c92fe20d671e4b818b3880e9de60ebe6",
    "token": "eyJhbGciOiJIUzI1NiIsInR5cCI6IkpXVCJ9.eyJ0b2tlbl90eXBlIjoicmVmcmVzaCIsImV4cCI6MTc0Njk1ODcwOSwiaWF0IjoxNzQ2ODcyMzA5LCJqdGkiOiJjOTJmZTIwZDY3MWU0YjgxOGIzODgwZTlkZTYwZWJlNiIsInVzZXJfaWQiOjE3fQ.bibef1NPD7zwgThoz1TC8svHbt-Nqw78w_LNZ5sj5-c",
    "created_at": "2025-05-10T10:18:29.502Z",
    "expires_at": "2025-05-11T10:18:29Z"
  }
},
{
  "model": "token_blacklist.outstandingtoken",
  "pk": 111,
  "fields": {
    "user": 10,
    "jti": "fb9ebc7bb3854cfd8c3f2f9e358f0b1c",
    "token": "eyJhbGciOiJIUzI1NiIsInR5cCI6IkpXVCJ9.eyJ0b2tlbl90eXBlIjoicmVmcmVzaCIsImV4cCI6MTc0Njk1ODc1MiwiaWF0IjoxNzQ2ODcyMzUyLCJqdGkiOiJmYjllYmM3YmIzODU0Y2ZkOGMzZjJmOWUzNThmMGIxYyIsInVzZXJfaWQiOjEwfQ.0QNXnWp2A_lHpCTOgSTE3yF16rDDQTymRZW8hFgcTvI",
    "created_at": "2025-05-10T10:19:12.705Z",
    "expires_at": "2025-05-11T10:19:12Z"
  }
},
{
  "model": "token_blacklist.outstandingtoken",
  "pk": 112,
  "fields": {
    "user": 11,
    "jti": "cf9a6108ad5d4a87a61499d6c4e8d10e",
    "token": "eyJhbGciOiJIUzI1NiIsInR5cCI6IkpXVCJ9.eyJ0b2tlbl90eXBlIjoicmVmcmVzaCIsImV4cCI6MTc0Njk2MTA5NCwiaWF0IjoxNzQ2ODc0Njk0LCJqdGkiOiJjZjlhNjEwOGFkNWQ0YTg3YTYxNDk5ZDZjNGU4ZDEwZSIsInVzZXJfaWQiOjExfQ.8kAG49Ajk88qP_U1RhQIkoQYs78irnUBVWdmlGZ3I8Y",
    "created_at": "2025-05-10T10:58:14.999Z",
    "expires_at": "2025-05-11T10:58:14Z"
  }
},
{
  "model": "token_blacklist.outstandingtoken",
  "pk": 113,
  "fields": {
    "user": 9,
    "jti": "53d5ff15b6a141a5a64a9a4f970c267b",
    "token": "eyJhbGciOiJIUzI1NiIsInR5cCI6IkpXVCJ9.eyJ0b2tlbl90eXBlIjoicmVmcmVzaCIsImV4cCI6MTc0Njk4MDczNiwiaWF0IjoxNzQ2ODk0MzM2LCJqdGkiOiI1M2Q1ZmYxNWI2YTE0MWE1YTY0YTlhNGY5NzBjMjY3YiIsInVzZXJfaWQiOjl9.8ui7fl3-l6yfx6bL99nbLwVgZHgiVXXBV7s4HV-fut8",
    "created_at": "2025-05-10T16:25:36.246Z",
    "expires_at": "2025-05-11T16:25:36Z"
  }
},
{
  "model": "token_blacklist.outstandingtoken",
  "pk": 114,
  "fields": {
    "user": 10,
    "jti": "02478f871fe54e3f80b582902f715cb7",
    "token": "eyJhbGciOiJIUzI1NiIsInR5cCI6IkpXVCJ9.eyJ0b2tlbl90eXBlIjoicmVmcmVzaCIsImV4cCI6MTc0Njk4MTU2MCwiaWF0IjoxNzQ2ODk1MTYwLCJqdGkiOiIwMjQ3OGY4NzFmZTU0ZTNmODBiNTgyOTAyZjcxNWNiNyIsInVzZXJfaWQiOjEwfQ.39ZmHrM_LnqzjS4KuvIsuctTCvxLEhhG1K8fOgjB-9c",
    "created_at": "2025-05-10T16:39:20.226Z",
    "expires_at": "2025-05-11T16:39:20Z"
  }
},
{
  "model": "token_blacklist.outstandingtoken",
  "pk": 115,
  "fields": {
    "user": 11,
    "jti": "225e23b886a94d288f6726dc4dbba569",
    "token": "eyJhbGciOiJIUzI1NiIsInR5cCI6IkpXVCJ9.eyJ0b2tlbl90eXBlIjoicmVmcmVzaCIsImV4cCI6MTc0Njk4MjIxMCwiaWF0IjoxNzQ2ODk1ODEwLCJqdGkiOiIyMjVlMjNiODg2YTk0ZDI4OGY2NzI2ZGM0ZGJiYTU2OSIsInVzZXJfaWQiOjExfQ.MVWkoccqX984_wUogcpNUiAKvBCUMABCGz-vj4bR6HE",
    "created_at": "2025-05-10T16:50:10.998Z",
    "expires_at": "2025-05-11T16:50:10Z"
  }
},
{
  "model": "token_blacklist.outstandingtoken",
  "pk": 116,
  "fields": {
    "user": 17,
    "jti": "b4b16031e5a344d2b827a76c8c6e2d69",
    "token": "eyJhbGciOiJIUzI1NiIsInR5cCI6IkpXVCJ9.eyJ0b2tlbl90eXBlIjoicmVmcmVzaCIsImV4cCI6MTc0Njk4Mjk3OSwiaWF0IjoxNzQ2ODk2NTc5LCJqdGkiOiJiNGIxNjAzMWU1YTM0NGQyYjgyN2E3NmM4YzZlMmQ2OSIsInVzZXJfaWQiOjE3fQ.Vjv0iwaoLnhwKe3M3b0rJCisZ2d_jjs2bX1LYE4RbOo",
    "created_at": "2025-05-10T17:02:59.954Z",
    "expires_at": "2025-05-11T17:02:59Z"
  }
},
{
  "model": "token_blacklist.outstandingtoken",
  "pk": 117,
  "fields": {
    "user": 13,
    "jti": "71140367efa043a5989af30848d6a1d0",
    "token": "eyJhbGciOiJIUzI1NiIsInR5cCI6IkpXVCJ9.eyJ0b2tlbl90eXBlIjoicmVmcmVzaCIsImV4cCI6MTc0Njk4MzEzMywiaWF0IjoxNzQ2ODk2NzMzLCJqdGkiOiI3MTE0MDM2N2VmYTA0M2E1OTg5YWYzMDg0OGQ2YTFkMCIsInVzZXJfaWQiOjEzfQ.pGGWtcxsIYFWn-FrBKEhZIqBRqlSOOQnaJl1fWUSTR0",
    "created_at": "2025-05-10T17:05:33.125Z",
    "expires_at": "2025-05-11T17:05:33Z"
  }
},
{
  "model": "token_blacklist.outstandingtoken",
  "pk": 118,
  "fields": {
    "user": 17,
    "jti": "b3a0576369bb484cbc6c20195479aa84",
    "token": "eyJhbGciOiJIUzI1NiIsInR5cCI6IkpXVCJ9.eyJ0b2tlbl90eXBlIjoicmVmcmVzaCIsImV4cCI6MTc0Njk4MzM1NCwiaWF0IjoxNzQ2ODk2OTU0LCJqdGkiOiJiM2EwNTc2MzY5YmI0ODRjYmM2YzIwMTk1NDc5YWE4NCIsInVzZXJfaWQiOjE3fQ.zbYhL8v76_vpkz-pcVhFfRWIM83JJ7GkxQFJ4rjwfzk",
    "created_at": "2025-05-10T17:09:14.245Z",
    "expires_at": "2025-05-11T17:09:14Z"
  }
},
{
  "model": "token_blacklist.outstandingtoken",
  "pk": 119,
  "fields": {
    "user": 11,
    "jti": "cac1c22de92645648728bfb8bb65a0ac",
    "token": "eyJhbGciOiJIUzI1NiIsInR5cCI6IkpXVCJ9.eyJ0b2tlbl90eXBlIjoicmVmcmVzaCIsImV4cCI6MTc0Njk4Mzg4NywiaWF0IjoxNzQ2ODk3NDg3LCJqdGkiOiJjYWMxYzIyZGU5MjY0NTY0ODcyOGJmYjhiYjY1YTBhYyIsInVzZXJfaWQiOjExfQ.gsztQhekI6Y9sWCOMC4PvlSvn4k3nTTq1c9MbF5rI6U",
    "created_at": "2025-05-10T17:18:07.678Z",
    "expires_at": "2025-05-11T17:18:07Z"
  }
},
{
  "model": "token_blacklist.outstandingtoken",
  "pk": 120,
  "fields": {
    "user": 13,
    "jti": "d7b7bc7088554ce99d5c0aecd6ca1457",
    "token": "eyJhbGciOiJIUzI1NiIsInR5cCI6IkpXVCJ9.eyJ0b2tlbl90eXBlIjoicmVmcmVzaCIsImV4cCI6MTc0Njk4NDAyNCwiaWF0IjoxNzQ2ODk3NjI0LCJqdGkiOiJkN2I3YmM3MDg4NTU0Y2U5OWQ1YzBhZWNkNmNhMTQ1NyIsInVzZXJfaWQiOjEzfQ.6zKOk46Zo9C-0bTNHnocirp3U2EO2UVZI2cf-Oc_adg",
    "created_at": "2025-05-10T17:20:24.297Z",
    "expires_at": "2025-05-11T17:20:24Z"
  }
},
{
  "model": "token_blacklist.outstandingtoken",
  "pk": 121,
  "fields": {
    "user": 11,
    "jti": "dcf224b5ddd646d5be9f2c45b3d93a60",
    "token": "eyJhbGciOiJIUzI1NiIsInR5cCI6IkpXVCJ9.eyJ0b2tlbl90eXBlIjoicmVmcmVzaCIsImV4cCI6MTc0Njk4NDI0NiwiaWF0IjoxNzQ2ODk3ODQ2LCJqdGkiOiJkY2YyMjRiNWRkZDY0NmQ1YmU5ZjJjNDViM2Q5M2E2MCIsInVzZXJfaWQiOjExfQ.kt6Q3mMaiUftx3MQWJaFeB2ZyyZp_96IyTbssbt3zmE",
    "created_at": "2025-05-10T17:24:06.395Z",
    "expires_at": "2025-05-11T17:24:06Z"
  }
},
{
  "model": "token_blacklist.outstandingtoken",
  "pk": 122,
  "fields": {
    "user": 13,
    "jti": "cfd660345e5c476ba6c2d64659fbb6df",
    "token": "eyJhbGciOiJIUzI1NiIsInR5cCI6IkpXVCJ9.eyJ0b2tlbl90eXBlIjoicmVmcmVzaCIsImV4cCI6MTc0Njk4NzI1OCwiaWF0IjoxNzQ2OTAwODU4LCJqdGkiOiJjZmQ2NjAzNDVlNWM0NzZiYTZjMmQ2NDY1OWZiYjZkZiIsInVzZXJfaWQiOjEzfQ.E-tecpWom7DP-g7F-Okg0xmwadoV02wKlcNxJW-cRsU",
    "created_at": "2025-05-10T18:14:18.964Z",
    "expires_at": "2025-05-11T18:14:18Z"
  }
},
{
  "model": "token_blacklist.outstandingtoken",
  "pk": 123,
  "fields": {
    "user": 9,
    "jti": "5dc8ded4b81e4c32a24d6dad5410cee0",
    "token": "eyJhbGciOiJIUzI1NiIsInR5cCI6IkpXVCJ9.eyJ0b2tlbl90eXBlIjoicmVmcmVzaCIsImV4cCI6MTc0Njk5MDU4NywiaWF0IjoxNzQ2OTA0MTg3LCJqdGkiOiI1ZGM4ZGVkNGI4MWU0YzMyYTI0ZDZkYWQ1NDEwY2VlMCIsInVzZXJfaWQiOjl9.9I3JtLOzs8S2hey4Kb6UVHvGnXLbk3Dln9-UQYyE07M",
    "created_at": "2025-05-10T19:09:47.191Z",
    "expires_at": "2025-05-11T19:09:47Z"
  }
},
{
  "model": "token_blacklist.outstandingtoken",
  "pk": 124,
  "fields": {
    "user": 11,
    "jti": "826c0f02da214c4cb3b59fdbaef54da1",
    "token": "eyJhbGciOiJIUzI1NiIsInR5cCI6IkpXVCJ9.eyJ0b2tlbl90eXBlIjoicmVmcmVzaCIsImV4cCI6MTc0Njk5MTI0NSwiaWF0IjoxNzQ2OTA0ODQ1LCJqdGkiOiI4MjZjMGYwMmRhMjE0YzRjYjNiNTlmZGJhZWY1NGRhMSIsInVzZXJfaWQiOjExfQ.WTquRMQ4z0vGrb4WN3VSbfnzpQIIBbKlnUZ2FwKA5Ro",
    "created_at": "2025-05-10T19:20:45.477Z",
    "expires_at": "2025-05-11T19:20:45Z"
  }
},
{
  "model": "token_blacklist.outstandingtoken",
  "pk": 125,
  "fields": {
    "user": 13,
    "jti": "b2cf012107c1435fbcd0cd5bf1497237",
    "token": "eyJhbGciOiJIUzI1NiIsInR5cCI6IkpXVCJ9.eyJ0b2tlbl90eXBlIjoicmVmcmVzaCIsImV4cCI6MTc0Njk5MzE0OSwiaWF0IjoxNzQ2OTA2NzQ5LCJqdGkiOiJiMmNmMDEyMTA3YzE0MzVmYmNkMGNkNWJmMTQ5NzIzNyIsInVzZXJfaWQiOjEzfQ.I_Ndxnukz7Jwi7ZP4kfiWNTpmqtI5dpLbYlSPGHt4OA",
    "created_at": "2025-05-10T19:52:29.984Z",
    "expires_at": "2025-05-11T19:52:29Z"
  }
},
{
  "model": "token_blacklist.outstandingtoken",
  "pk": 126,
  "fields": {
    "user": 1,
    "jti": "f81a37e27453440c9d6b8f75599e8f86",
    "token": "eyJhbGciOiJIUzI1NiIsInR5cCI6IkpXVCJ9.eyJ0b2tlbl90eXBlIjoicmVmcmVzaCIsImV4cCI6MTc0Njk5ODQyNywiaWF0IjoxNzQ2OTEyMDI3LCJqdGkiOiJmODFhMzdlMjc0NTM0NDBjOWQ2YjhmNzU1OTllOGY4NiIsInVzZXJfaWQiOjF9.mlYfjE790fAVvGQarA1fVCUQ3vnhRD_yPYV7pneTGSI",
    "created_at": "2025-05-10T21:20:27.943Z",
    "expires_at": "2025-05-11T21:20:27Z"
  }
},
{
  "model": "token_blacklist.outstandingtoken",
  "pk": 127,
  "fields": {
    "user": 1,
    "jti": "24d90d84fece4d7fac087ee8297357b1",
    "token": "eyJhbGciOiJIUzI1NiIsInR5cCI6IkpXVCJ9.eyJ0b2tlbl90eXBlIjoicmVmcmVzaCIsImV4cCI6MTc0Njk5ODUyNCwiaWF0IjoxNzQ2OTEyMTI0LCJqdGkiOiIyNGQ5MGQ4NGZlY2U0ZDdmYWMwODdlZTgyOTczNTdiMSIsInVzZXJfaWQiOjF9.-GNgs2Gzh60mHW1NK3XDSMFQPmVTMaq-dsfhaobVf5k",
    "created_at": "2025-05-10T21:22:04.486Z",
    "expires_at": "2025-05-11T21:22:04Z"
  }
},
{
  "model": "token_blacklist.outstandingtoken",
  "pk": 128,
  "fields": {
    "user": 6,
    "jti": "dad7e8ef248b4caeaebd4d4a443a28ba",
    "token": "eyJhbGciOiJIUzI1NiIsInR5cCI6IkpXVCJ9.eyJ0b2tlbl90eXBlIjoicmVmcmVzaCIsImV4cCI6MTc0Njk5ODgzMywiaWF0IjoxNzQ2OTEyNDMzLCJqdGkiOiJkYWQ3ZThlZjI0OGI0Y2FlYWViZDRkNGE0NDNhMjhiYSIsInVzZXJfaWQiOjZ9.dCd0bzyE3Ifz-v818nYaleI8cgTGPyjDL20U15oYh_8",
    "created_at": "2025-05-10T21:27:13.009Z",
    "expires_at": "2025-05-11T21:27:13Z"
  }
},
{
  "model": "token_blacklist.outstandingtoken",
  "pk": 129,
  "fields": {
    "user": 11,
    "jti": "80b8bb6ff28f4369a5217bfe59954563",
    "token": "eyJhbGciOiJIUzI1NiIsInR5cCI6IkpXVCJ9.eyJ0b2tlbl90eXBlIjoicmVmcmVzaCIsImV4cCI6MTc0NzA0MjkyNywiaWF0IjoxNzQ2OTU2NTI3LCJqdGkiOiI4MGI4YmI2ZmYyOGY0MzY5YTUyMTdiZmU1OTk1NDU2MyIsInVzZXJfaWQiOjExfQ.l9YcWnJ2fXfv6DZVrJqRjtZcaByse_VdZc6e_aPGXe4",
    "created_at": "2025-05-11T09:42:07.152Z",
    "expires_at": "2025-05-12T09:42:07Z"
  }
},
{
  "model": "token_blacklist.outstandingtoken",
  "pk": 130,
  "fields": {
    "user": 9,
    "jti": "e5cec2cc05624c12a83456c30fce6bb1",
    "token": "eyJhbGciOiJIUzI1NiIsInR5cCI6IkpXVCJ9.eyJ0b2tlbl90eXBlIjoicmVmcmVzaCIsImV4cCI6MTc0NzA0OTgyOSwiaWF0IjoxNzQ2OTYzNDI5LCJqdGkiOiJlNWNlYzJjYzA1NjI0YzEyYTgzNDU2YzMwZmNlNmJiMSIsInVzZXJfaWQiOjl9.p6E9vkaq9s3DVLR60rX-la1FKB6tYNuZWRBxHs2_UuE",
    "created_at": "2025-05-11T11:37:09.897Z",
    "expires_at": "2025-05-12T11:37:09Z"
  }
},
{
  "model": "token_blacklist.outstandingtoken",
  "pk": 131,
  "fields": {
    "user": 11,
    "jti": "c91cf73a9c3a4a37b53d7a0e2616e364",
    "token": "eyJhbGciOiJIUzI1NiIsInR5cCI6IkpXVCJ9.eyJ0b2tlbl90eXBlIjoicmVmcmVzaCIsImV4cCI6MTc0NzA2NjUxNSwiaWF0IjoxNzQ2OTgwMTE1LCJqdGkiOiJjOTFjZjczYTljM2E0YTM3YjUzZDdhMGUyNjE2ZTM2NCIsInVzZXJfaWQiOjExfQ.gF8GnLEkJ73AcAdt5SqqQb9A6wHCnRgfMvj69ZGHsDc",
    "created_at": "2025-05-11T16:15:15.167Z",
    "expires_at": "2025-05-12T16:15:15Z"
  }
},
{
  "model": "token_blacklist.outstandingtoken",
  "pk": 132,
  "fields": {
    "user": 11,
    "jti": "d5014b3fd5484b98bbdd27659b1b46bf",
    "token": "eyJhbGciOiJIUzI1NiIsInR5cCI6IkpXVCJ9.eyJ0b2tlbl90eXBlIjoicmVmcmVzaCIsImV4cCI6MTc0NzA2OTU1NiwiaWF0IjoxNzQ2OTgzMTU2LCJqdGkiOiJkNTAxNGIzZmQ1NDg0Yjk4YmJkZDI3NjU5YjFiNDZiZiIsInVzZXJfaWQiOjExfQ.qduQY0vEcKfgTz-UQEQ9rVUgr2bXR4hchfBkFR5Q2lU",
    "created_at": "2025-05-11T17:05:56.069Z",
    "expires_at": "2025-05-12T17:05:56Z"
  }
},
{
  "model": "token_blacklist.outstandingtoken",
  "pk": 133,
  "fields": {
    "user": 9,
    "jti": "972d8b87c895428a8ec395c947867921",
    "token": "eyJhbGciOiJIUzI1NiIsInR5cCI6IkpXVCJ9.eyJ0b2tlbl90eXBlIjoicmVmcmVzaCIsImV4cCI6MTc0NzA3MDQwMSwiaWF0IjoxNzQ2OTg0MDAxLCJqdGkiOiI5NzJkOGI4N2M4OTU0MjhhOGVjMzk1Yzk0Nzg2NzkyMSIsInVzZXJfaWQiOjl9.vSnTjhTBr2ABLME6oSWHcyX2M_0HFWPR-EphlYD1ruQ",
    "created_at": "2025-05-11T17:20:01.941Z",
    "expires_at": "2025-05-12T17:20:01Z"
  }
},
{
  "model": "token_blacklist.outstandingtoken",
  "pk": 134,
  "fields": {
    "user": 11,
    "jti": "6269d794b5cc4b46aa1153b9283e34d3",
    "token": "eyJhbGciOiJIUzI1NiIsInR5cCI6IkpXVCJ9.eyJ0b2tlbl90eXBlIjoicmVmcmVzaCIsImV4cCI6MTc0NzA3MDY2NSwiaWF0IjoxNzQ2OTg0MjY1LCJqdGkiOiI2MjY5ZDc5NGI1Y2M0YjQ2YWExMTUzYjkyODNlMzRkMyIsInVzZXJfaWQiOjExfQ.7S1h1VeOJCyNuZdH-W2SmX2TkK_6w05RrauwQHFv3lo",
    "created_at": "2025-05-11T17:24:25.039Z",
    "expires_at": "2025-05-12T17:24:25Z"
  }
},
{
  "model": "token_blacklist.outstandingtoken",
  "pk": 135,
  "fields": {
    "user": 11,
    "jti": "0f51ad13318643d581febf361d363e6f",
    "token": "eyJhbGciOiJIUzI1NiIsInR5cCI6IkpXVCJ9.eyJ0b2tlbl90eXBlIjoicmVmcmVzaCIsImV4cCI6MTc0NzA3MTA0OSwiaWF0IjoxNzQ2OTg0NjQ5LCJqdGkiOiIwZjUxYWQxMzMxODY0M2Q1ODFmZWJmMzYxZDM2M2U2ZiIsInVzZXJfaWQiOjExfQ.rLVAffdRUC2w46FZ5c-opVF2e4JKbfiV9HFVFIrkheI",
    "created_at": "2025-05-11T17:30:49.482Z",
    "expires_at": "2025-05-12T17:30:49Z"
  }
},
{
  "model": "token_blacklist.outstandingtoken",
  "pk": 136,
  "fields": {
    "user": 9,
    "jti": "cae23720e9da4147b94cf96091098849",
    "token": "eyJhbGciOiJIUzI1NiIsInR5cCI6IkpXVCJ9.eyJ0b2tlbl90eXBlIjoicmVmcmVzaCIsImV4cCI6MTc0NzA3MTMwMiwiaWF0IjoxNzQ2OTg0OTAyLCJqdGkiOiJjYWUyMzcyMGU5ZGE0MTQ3Yjk0Y2Y5NjA5MTA5ODg0OSIsInVzZXJfaWQiOjl9.B5ivD4chQSmdm3sVrWhycPJOkB5CE7IQuiIUF7996ZM",
    "created_at": "2025-05-11T17:35:02.508Z",
    "expires_at": "2025-05-12T17:35:02Z"
  }
},
{
  "model": "token_blacklist.outstandingtoken",
  "pk": 137,
  "fields": {
    "user": 11,
    "jti": "92f8169e62524007a6b936172616d20a",
    "token": "eyJhbGciOiJIUzI1NiIsInR5cCI6IkpXVCJ9.eyJ0b2tlbl90eXBlIjoicmVmcmVzaCIsImV4cCI6MTc0NzA3MjY5NywiaWF0IjoxNzQ2OTg2Mjk3LCJqdGkiOiI5MmY4MTY5ZTYyNTI0MDA3YTZiOTM2MTcyNjE2ZDIwYSIsInVzZXJfaWQiOjExfQ.OuVJx3jDr1wyR3uliMO4a5uA8RTZtZF8ehOFEFLvP98",
    "created_at": "2025-05-11T17:58:17.287Z",
    "expires_at": "2025-05-12T17:58:17Z"
  }
},
{
  "model": "token_blacklist.outstandingtoken",
  "pk": 138,
  "fields": {
    "user": 11,
    "jti": "4e9f85563e70410fa4d35526615b6937",
    "token": "eyJhbGciOiJIUzI1NiIsInR5cCI6IkpXVCJ9.eyJ0b2tlbl90eXBlIjoicmVmcmVzaCIsImV4cCI6MTc0NzA3Mjc1MCwiaWF0IjoxNzQ2OTg2MzUwLCJqdGkiOiI0ZTlmODU1NjNlNzA0MTBmYTRkMzU1MjY2MTViNjkzNyIsInVzZXJfaWQiOjExfQ.xiwXHfDfo1BYlgp81hOR8MCtDF5kKwpmHlCy3sZF0fg",
    "created_at": "2025-05-11T17:59:10.415Z",
    "expires_at": "2025-05-12T17:59:10Z"
  }
},
{
  "model": "token_blacklist.outstandingtoken",
  "pk": 139,
  "fields": {
    "user": 1,
    "jti": "16e84d05bb9044e48e867ad9d54043ae",
    "token": "eyJhbGciOiJIUzI1NiIsInR5cCI6IkpXVCJ9.eyJ0b2tlbl90eXBlIjoicmVmcmVzaCIsImV4cCI6MTc0NzExNDA1OSwiaWF0IjoxNzQ3MDI3NjU5LCJqdGkiOiIxNmU4NGQwNWJiOTA0NGU0OGU4NjdhZDlkNTQwNDNhZSIsInVzZXJfaWQiOjF9.ztuBMojR4-YD5vatS_q1knRVGxJsBTZGyUb2TZBrKnM",
    "created_at": "2025-05-12T05:27:39.765Z",
    "expires_at": "2025-05-13T05:27:39Z"
  }
},
{
  "model": "token_blacklist.outstandingtoken",
  "pk": 140,
  "fields": {
    "user": 10,
    "jti": "60aa6ae101ec41ce90b5aa26856c6b23",
    "token": "eyJhbGciOiJIUzI1NiIsInR5cCI6IkpXVCJ9.eyJ0b2tlbl90eXBlIjoicmVmcmVzaCIsImV4cCI6MTc0NzExNDEwMiwiaWF0IjoxNzQ3MDI3NzAyLCJqdGkiOiI2MGFhNmFlMTAxZWM0MWNlOTBiNWFhMjY4NTZjNmIyMyIsInVzZXJfaWQiOjEwfQ.Q81MBdCLeAZ7F5UMTxcq2xPZRK1KwfMw4G7uBnBA_Ds",
    "created_at": "2025-05-12T05:28:22.137Z",
    "expires_at": "2025-05-13T05:28:22Z"
  }
},
{
  "model": "token_blacklist.outstandingtoken",
  "pk": 141,
  "fields": {
    "user": 11,
    "jti": "47b032a86b66422ea3472c0db735b7c6",
    "token": "eyJhbGciOiJIUzI1NiIsInR5cCI6IkpXVCJ9.eyJ0b2tlbl90eXBlIjoicmVmcmVzaCIsImV4cCI6MTc0NzEyNDEwMywiaWF0IjoxNzQ3MDM3NzAzLCJqdGkiOiI0N2IwMzJhODZiNjY0MjJlYTM0NzJjMGRiNzM1YjdjNiIsInVzZXJfaWQiOjExfQ.mV8scoNFre1E9ZL81oseYcTLkA8K9By0z5DLUrCUTBI",
    "created_at": "2025-05-12T08:15:03.891Z",
    "expires_at": "2025-05-13T08:15:03Z"
  }
},
{
  "model": "token_blacklist.outstandingtoken",
  "pk": 142,
  "fields": {
    "user": 10,
    "jti": "eab162c407cf400e82ff179f42e57864",
    "token": "eyJhbGciOiJIUzI1NiIsInR5cCI6IkpXVCJ9.eyJ0b2tlbl90eXBlIjoicmVmcmVzaCIsImV4cCI6MTc0NzEyNDQ0MywiaWF0IjoxNzQ3MDM4MDQzLCJqdGkiOiJlYWIxNjJjNDA3Y2Y0MDBlODJmZjE3OWY0MmU1Nzg2NCIsInVzZXJfaWQiOjEwfQ.iHrQh1mlSBwZebbtlP2nKqHTJaohATRCapbeKz3fNdA",
    "created_at": "2025-05-12T08:20:43.576Z",
    "expires_at": "2025-05-13T08:20:43Z"
  }
},
{
  "model": "token_blacklist.outstandingtoken",
  "pk": 143,
  "fields": {
    "user": 9,
    "jti": "28ab78a934b54fb9b77fa5d19cad92fe",
    "token": "eyJhbGciOiJIUzI1NiIsInR5cCI6IkpXVCJ9.eyJ0b2tlbl90eXBlIjoicmVmcmVzaCIsImV4cCI6MTc0NzEyNDkwOSwiaWF0IjoxNzQ3MDM4NTA5LCJqdGkiOiIyOGFiNzhhOTM0YjU0ZmI5Yjc3ZmE1ZDE5Y2FkOTJmZSIsInVzZXJfaWQiOjl9.dQdOlmJpEnrYSsXA2Zu_3J2XsrI8Iiljma6KtuXL_48",
    "created_at": "2025-05-12T08:28:29.008Z",
    "expires_at": "2025-05-13T08:28:29Z"
  }
},
{
  "model": "token_blacklist.outstandingtoken",
  "pk": 144,
  "fields": {
    "user": 10,
    "jti": "49a45db139ce4d25b7c0857749f5378d",
    "token": "eyJhbGciOiJIUzI1NiIsInR5cCI6IkpXVCJ9.eyJ0b2tlbl90eXBlIjoicmVmcmVzaCIsImV4cCI6MTc0NzEzMDAxOCwiaWF0IjoxNzQ3MDQzNjE4LCJqdGkiOiI0OWE0NWRiMTM5Y2U0ZDI1YjdjMDg1Nzc0OWY1Mzc4ZCIsInVzZXJfaWQiOjEwfQ.f0mFFYm7pkPd_WiY6weXfUtecb7SRY85cL8wCD0INiU",
    "created_at": "2025-05-12T09:53:38.583Z",
    "expires_at": "2025-05-13T09:53:38Z"
  }
},
{
  "model": "token_blacklist.outstandingtoken",
  "pk": 145,
  "fields": {
    "user": 11,
    "jti": "8f6d0353dc77476c961b0cf66ef29553",
    "token": "eyJhbGciOiJIUzI1NiIsInR5cCI6IkpXVCJ9.eyJ0b2tlbl90eXBlIjoicmVmcmVzaCIsImV4cCI6MTc0NzEzMTQwMSwiaWF0IjoxNzQ3MDQ1MDAxLCJqdGkiOiI4ZjZkMDM1M2RjNzc0NzZjOTYxYjBjZjY2ZWYyOTU1MyIsInVzZXJfaWQiOjExfQ.wo4ywR-nZ-Xmx_vOKzxI_Wx5UZbchX8mRZSDFryWMv0",
    "created_at": "2025-05-12T10:16:41.432Z",
    "expires_at": "2025-05-13T10:16:41Z"
  }
},
{
  "model": "token_blacklist.outstandingtoken",
  "pk": 146,
  "fields": {
    "user": 19,
    "jti": "5c3235ab37f14adca1fbffba137f9d19",
    "token": "eyJhbGciOiJIUzI1NiIsInR5cCI6IkpXVCJ9.eyJ0b2tlbl90eXBlIjoicmVmcmVzaCIsImV4cCI6MTc0NzEzMjAwMSwiaWF0IjoxNzQ3MDQ1NjAxLCJqdGkiOiI1YzMyMzVhYjM3ZjE0YWRjYTFmYmZmYmExMzdmOWQxOSIsInVzZXJfaWQiOjE5fQ.eTpnHb2T6cHWeMC7gY-Iw9VwS_nBv3KXBMH187EvQzc",
    "created_at": "2025-05-12T10:26:41.364Z",
    "expires_at": "2025-05-13T10:26:41Z"
  }
},
{
  "model": "token_blacklist.outstandingtoken",
  "pk": 147,
  "fields": {
    "user": 20,
    "jti": "af3bcefc6b1a4ca4a15d18b8c1639cc5",
    "token": "eyJhbGciOiJIUzI1NiIsInR5cCI6IkpXVCJ9.eyJ0b2tlbl90eXBlIjoicmVmcmVzaCIsImV4cCI6MTc0NzEzMjI1MiwiaWF0IjoxNzQ3MDQ1ODUyLCJqdGkiOiJhZjNiY2VmYzZiMWE0Y2E0YTE1ZDE4YjhjMTYzOWNjNSIsInVzZXJfaWQiOjIwfQ.Nmy-SacbVnoTkyx1vY3RCgYlF0A6wyunsl8jDVPUG-0",
    "created_at": "2025-05-12T10:30:52.192Z",
    "expires_at": "2025-05-13T10:30:52Z"
  }
},
{
  "model": "token_blacklist.outstandingtoken",
  "pk": 148,
  "fields": {
    "user": 11,
    "jti": "0ad615eb51464e3bae70eee606168501",
    "token": "eyJhbGciOiJIUzI1NiIsInR5cCI6IkpXVCJ9.eyJ0b2tlbl90eXBlIjoicmVmcmVzaCIsImV4cCI6MTc0NzEzMjYxNiwiaWF0IjoxNzQ3MDQ2MjE2LCJqdGkiOiIwYWQ2MTVlYjUxNDY0ZTNiYWU3MGVlZTYwNjE2ODUwMSIsInVzZXJfaWQiOjExfQ.iI4pGsbXfWHZHjFgozxS-eR_ciaR2-lXZlXvz6Nny98",
    "created_at": "2025-05-12T10:36:56.594Z",
    "expires_at": "2025-05-13T10:36:56Z"
  }
},
{
  "model": "token_blacklist.outstandingtoken",
  "pk": 149,
  "fields": {
    "user": 11,
    "jti": "e53bb7f669a0446c96188e691e1bafe8",
    "token": "eyJhbGciOiJIUzI1NiIsInR5cCI6IkpXVCJ9.eyJ0b2tlbl90eXBlIjoicmVmcmVzaCIsImV4cCI6MTc0NzE1ODU1OSwiaWF0IjoxNzQ3MDcyMTU5LCJqdGkiOiJlNTNiYjdmNjY5YTA0NDZjOTYxODhlNjkxZTFiYWZlOCIsInVzZXJfaWQiOjExfQ.8pwwc4a7iPIlc3W_qc_mUtNq9LQAa1nITkumP-n-h2I",
    "created_at": "2025-05-12T17:49:19.134Z",
    "expires_at": "2025-05-13T17:49:19Z"
  }
},
{
  "model": "token_blacklist.outstandingtoken",
  "pk": 150,
  "fields": {
    "user": 11,
    "jti": "0a94b2da4421414d9f91fa3426332b25",
    "token": "eyJhbGciOiJIUzI1NiIsInR5cCI6IkpXVCJ9.eyJ0b2tlbl90eXBlIjoicmVmcmVzaCIsImV4cCI6MTc0NzE1ODc3NiwiaWF0IjoxNzQ3MDcyMzc2LCJqdGkiOiIwYTk0YjJkYTQ0MjE0MTRkOWY5MWZhMzQyNjMzMmIyNSIsInVzZXJfaWQiOjExfQ.Hr43JloKBlORvXE35tQMn4jwCPW1-yPoeGyoMbjZkbE",
    "created_at": "2025-05-12T17:52:56.994Z",
    "expires_at": "2025-05-13T17:52:56Z"
  }
},
{
  "model": "token_blacklist.outstandingtoken",
  "pk": 151,
  "fields": {
    "user": 10,
    "jti": "823ac25b9312474e938876835e1132f8",
    "token": "eyJhbGciOiJIUzI1NiIsInR5cCI6IkpXVCJ9.eyJ0b2tlbl90eXBlIjoicmVmcmVzaCIsImV4cCI6MTc0NzE1OTIxMiwiaWF0IjoxNzQ3MDcyODEyLCJqdGkiOiI4MjNhYzI1YjkzMTI0NzRlOTM4ODc2ODM1ZTExMzJmOCIsInVzZXJfaWQiOjEwfQ.MAPJbPVQsWPjgsBu0fj6Sqxu7RQrOPrf-w7YIwaF0uM",
    "created_at": "2025-05-12T18:00:12.035Z",
    "expires_at": "2025-05-13T18:00:12Z"
  }
},
{
  "model": "token_blacklist.outstandingtoken",
  "pk": 152,
  "fields": {
    "user": 10,
    "jti": "0ff28cd544cb4fe2980591a5eb46963d",
    "token": "eyJhbGciOiJIUzI1NiIsInR5cCI6IkpXVCJ9.eyJ0b2tlbl90eXBlIjoicmVmcmVzaCIsImV4cCI6MTc0NzE2MDkyNywiaWF0IjoxNzQ3MDc0NTI3LCJqdGkiOiIwZmYyOGNkNTQ0Y2I0ZmUyOTgwNTkxYTVlYjQ2OTYzZCIsInVzZXJfaWQiOjEwfQ.3w8TjoVaQ6vNsu_j9d8UeqPChOZaoPujUWRNYD1hQCI",
    "created_at": "2025-05-12T18:28:47.469Z",
    "expires_at": "2025-05-13T18:28:47Z"
  }
},
{
  "model": "token_blacklist.outstandingtoken",
  "pk": 153,
  "fields": {
    "user": 11,
    "jti": "0dd6691655234182b9c62ef7d0a2190e",
    "token": "eyJhbGciOiJIUzI1NiIsInR5cCI6IkpXVCJ9.eyJ0b2tlbl90eXBlIjoicmVmcmVzaCIsImV4cCI6MTc0NzE2MTQzOCwiaWF0IjoxNzQ3MDc1MDM4LCJqdGkiOiIwZGQ2NjkxNjU1MjM0MTgyYjljNjJlZjdkMGEyMTkwZSIsInVzZXJfaWQiOjExfQ.5KXRKh0gZxTQ82IWj5rdM-iAXYtVnk8QzcEkEoXSr2k",
    "created_at": "2025-05-12T18:37:18.021Z",
    "expires_at": "2025-05-13T18:37:18Z"
  }
},
{
  "model": "token_blacklist.outstandingtoken",
  "pk": 154,
  "fields": {
    "user": 10,
    "jti": "bcd0ad7ebe99462494a8651f674b15c1",
    "token": "eyJhbGciOiJIUzI1NiIsInR5cCI6IkpXVCJ9.eyJ0b2tlbl90eXBlIjoicmVmcmVzaCIsImV4cCI6MTc0NzE2MTQ1NywiaWF0IjoxNzQ3MDc1MDU3LCJqdGkiOiJiY2QwYWQ3ZWJlOTk0NjI0OTRhODY1MWY2NzRiMTVjMSIsInVzZXJfaWQiOjEwfQ.agucM6thZoKjgq7jSNmBPz5DdfP7AprRqDidvfNTWIA",
    "created_at": "2025-05-12T18:37:37.131Z",
    "expires_at": "2025-05-13T18:37:37Z"
  }
},
{
  "model": "token_blacklist.outstandingtoken",
  "pk": 155,
  "fields": {
    "user": 10,
    "jti": "1ff1c1efba134c83a8705086a6a0a5f6",
    "token": "eyJhbGciOiJIUzI1NiIsInR5cCI6IkpXVCJ9.eyJ0b2tlbl90eXBlIjoicmVmcmVzaCIsImV4cCI6MTc0NzE2MjA1NiwiaWF0IjoxNzQ3MDc1NjU2LCJqdGkiOiIxZmYxYzFlZmJhMTM0YzgzYTg3MDUwODZhNmEwYTVmNiIsInVzZXJfaWQiOjEwfQ.KrA3NfHLWY3Jt5L3L_9sDQybpeX6_LrNN89MGZqE4ko",
    "created_at": "2025-05-12T18:47:36.861Z",
    "expires_at": "2025-05-13T18:47:36Z"
  }
},
{
  "model": "token_blacklist.outstandingtoken",
  "pk": 156,
  "fields": {
    "user": 11,
    "jti": "cb0dcd0711a84ddba531292ce9ae98c7",
    "token": "eyJhbGciOiJIUzI1NiIsInR5cCI6IkpXVCJ9.eyJ0b2tlbl90eXBlIjoicmVmcmVzaCIsImV4cCI6MTc0NzE2OTEwNywiaWF0IjoxNzQ3MDgyNzA3LCJqdGkiOiJjYjBkY2QwNzExYTg0ZGRiYTUzMTI5MmNlOWFlOThjNyIsInVzZXJfaWQiOjExfQ.kFfWWhi2ha3N9TTs7fJmIqB0nXqblYDwUsWl-27yu-Y",
    "created_at": "2025-05-12T20:45:07.036Z",
    "expires_at": "2025-05-13T20:45:07Z"
  }
},
{
  "model": "token_blacklist.outstandingtoken",
  "pk": 157,
  "fields": {
    "user": 11,
    "jti": "3bf1ee5fe6e04dcb92cdcf17a78a549a",
    "token": "eyJhbGciOiJIUzI1NiIsInR5cCI6IkpXVCJ9.eyJ0b2tlbl90eXBlIjoicmVmcmVzaCIsImV4cCI6MTc0NzE2OTI2MSwiaWF0IjoxNzQ3MDgyODYxLCJqdGkiOiIzYmYxZWU1ZmU2ZTA0ZGNiOTJjZGNmMTdhNzhhNTQ5YSIsInVzZXJfaWQiOjExfQ.lzQCE9qGfYXellVz08OQ2v_xooyw9Sxj89g-hzsXHgk",
    "created_at": "2025-05-12T20:47:41.463Z",
    "expires_at": "2025-05-13T20:47:41Z"
  }
},
{
  "model": "token_blacklist.outstandingtoken",
  "pk": 158,
  "fields": {
    "user": 10,
    "jti": "f48e6724da5541809afd451c91456d59",
    "token": "eyJhbGciOiJIUzI1NiIsInR5cCI6IkpXVCJ9.eyJ0b2tlbl90eXBlIjoicmVmcmVzaCIsImV4cCI6MTc0NzE3MDY5OCwiaWF0IjoxNzQ3MDg0Mjk4LCJqdGkiOiJmNDhlNjcyNGRhNTU0MTgwOWFmZDQ1MWM5MTQ1NmQ1OSIsInVzZXJfaWQiOjEwfQ.pHHnk5gKso6azjNTC7YDWdCF8IKP0D2jX5mBw5x8h1I",
    "created_at": "2025-05-12T21:11:38.209Z",
    "expires_at": "2025-05-13T21:11:38Z"
  }
},
{
  "model": "token_blacklist.outstandingtoken",
  "pk": 159,
  "fields": {
    "user": 11,
    "jti": "be22451fca884cd4aaadc831900ceae8",
    "token": "eyJhbGciOiJIUzI1NiIsInR5cCI6IkpXVCJ9.eyJ0b2tlbl90eXBlIjoicmVmcmVzaCIsImV4cCI6MTc0NzIwMjY4MSwiaWF0IjoxNzQ3MTE2MjgxLCJqdGkiOiJiZTIyNDUxZmNhODg0Y2Q0YWFhZGM4MzE5MDBjZWFlOCIsInVzZXJfaWQiOjExfQ.aTMMedS4QALKL1qdzivFKTK_dKmQOl3H82pUesX4yTQ",
    "created_at": "2025-05-13T06:04:41.769Z",
    "expires_at": "2025-05-14T06:04:41Z"
  }
},
{
  "model": "token_blacklist.outstandingtoken",
  "pk": 160,
  "fields": {
    "user": 11,
    "jti": "8488d6f23caa49dd8f8eb8b363c7d884",
    "token": "eyJhbGciOiJIUzI1NiIsInR5cCI6IkpXVCJ9.eyJ0b2tlbl90eXBlIjoicmVmcmVzaCIsImV4cCI6MTc0NzIwMjkzNywiaWF0IjoxNzQ3MTE2NTM3LCJqdGkiOiI4NDg4ZDZmMjNjYWE0OWRkOGY4ZWI4YjM2M2M3ZDg4NCIsInVzZXJfaWQiOjExfQ.u09hu5vdbtuAqXQu2ap-Z88BOMyOJz2CpEmvFH8XZRs",
    "created_at": "2025-05-13T06:08:57.171Z",
    "expires_at": "2025-05-14T06:08:57Z"
  }
},
{
  "model": "token_blacklist.outstandingtoken",
  "pk": 161,
  "fields": {
    "user": 9,
    "jti": "f0af789e5a454d95a4a6e9bfd94e7cf5",
    "token": "eyJhbGciOiJIUzI1NiIsInR5cCI6IkpXVCJ9.eyJ0b2tlbl90eXBlIjoicmVmcmVzaCIsImV4cCI6MTc0NzIwNDIxMiwiaWF0IjoxNzQ3MTE3ODEyLCJqdGkiOiJmMGFmNzg5ZTVhNDU0ZDk1YTRhNmU5YmZkOTRlN2NmNSIsInVzZXJfaWQiOjl9.dQqdFc-E15W5_p40lS91UN79cOZY49buMqoyU-qNBlg",
    "created_at": "2025-05-13T06:30:12.811Z",
    "expires_at": "2025-05-14T06:30:12Z"
  }
},
{
  "model": "token_blacklist.outstandingtoken",
  "pk": 162,
  "fields": {
    "user": 13,
    "jti": "a4f43ed51ff94024958d9870e3f8465e",
    "token": "eyJhbGciOiJIUzI1NiIsInR5cCI6IkpXVCJ9.eyJ0b2tlbl90eXBlIjoicmVmcmVzaCIsImV4cCI6MTc0NzIwNTA1MiwiaWF0IjoxNzQ3MTE4NjUyLCJqdGkiOiJhNGY0M2VkNTFmZjk0MDI0OTU4ZDk4NzBlM2Y4NDY1ZSIsInVzZXJfaWQiOjEzfQ.WWb7xpGfja0p-8k0z_m8u06b9SrRIlRmmbdc6Cmd720",
    "created_at": "2025-05-13T06:44:12.033Z",
    "expires_at": "2025-05-14T06:44:12Z"
  }
},
{
  "model": "token_blacklist.outstandingtoken",
  "pk": 163,
  "fields": {
    "user": 18,
    "jti": "2da9cefdddde489ebb14a81e85ddc040",
    "token": "eyJhbGciOiJIUzI1NiIsInR5cCI6IkpXVCJ9.eyJ0b2tlbl90eXBlIjoicmVmcmVzaCIsImV4cCI6MTc0NzIwNTU3NSwiaWF0IjoxNzQ3MTE5MTc1LCJqdGkiOiIyZGE5Y2VmZGRkZGU0ODllYmIxNGE4MWU4NWRkYzA0MCIsInVzZXJfaWQiOjE4fQ.hb2ijXMc6NyQhrrr56AylVMi7vheQxFBFTyBylcdivs",
    "created_at": "2025-05-13T06:52:55.377Z",
    "expires_at": "2025-05-14T06:52:55Z"
  }
},
{
  "model": "token_blacklist.outstandingtoken",
  "pk": 164,
  "fields": {
    "user": 13,
    "jti": "671b0d83d4b247938f0e0a7665ba44d2",
    "token": "eyJhbGciOiJIUzI1NiIsInR5cCI6IkpXVCJ9.eyJ0b2tlbl90eXBlIjoicmVmcmVzaCIsImV4cCI6MTc0NzIwNjg1NSwiaWF0IjoxNzQ3MTIwNDU1LCJqdGkiOiI2NzFiMGQ4M2Q0YjI0NzkzOGYwZTBhNzY2NWJhNDRkMiIsInVzZXJfaWQiOjEzfQ.9rlzzvbXSV4d7TNZLZy_WJUubjAR4YIQww4fcP0Blbo",
    "created_at": "2025-05-13T07:14:15.494Z",
    "expires_at": "2025-05-14T07:14:15Z"
  }
},
{
  "model": "token_blacklist.outstandingtoken",
  "pk": 165,
  "fields": {
    "user": 13,
    "jti": "efb9b61ec810406eb525bd9ade8f3350",
    "token": "eyJhbGciOiJIUzI1NiIsInR5cCI6IkpXVCJ9.eyJ0b2tlbl90eXBlIjoicmVmcmVzaCIsImV4cCI6MTc0NzIwNjk2OSwiaWF0IjoxNzQ3MTIwNTY5LCJqdGkiOiJlZmI5YjYxZWM4MTA0MDZlYjUyNWJkOWFkZThmMzM1MCIsInVzZXJfaWQiOjEzfQ.qLYMvLVH7We00FTulTzCJVe-ro7cUX5Izrvq8dH_UjA",
    "created_at": "2025-05-13T07:16:09.949Z",
    "expires_at": "2025-05-14T07:16:09Z"
  }
},
{
  "model": "token_blacklist.outstandingtoken",
  "pk": 166,
  "fields": {
    "user": 10,
    "jti": "ea17553be574404d9a8470f366ee95c0",
    "token": "eyJhbGciOiJIUzI1NiIsInR5cCI6IkpXVCJ9.eyJ0b2tlbl90eXBlIjoicmVmcmVzaCIsImV4cCI6MTc0NzIwNzIxMywiaWF0IjoxNzQ3MTIwODEzLCJqdGkiOiJlYTE3NTUzYmU1NzQ0MDRkOWE4NDcwZjM2NmVlOTVjMCIsInVzZXJfaWQiOjEwfQ.414iONpP2zTe3xcolgDU6AVAdoZC2UB9MtPhHmqHS5Q",
    "created_at": "2025-05-13T07:20:13.003Z",
    "expires_at": "2025-05-14T07:20:13Z"
  }
},
{
  "model": "token_blacklist.outstandingtoken",
  "pk": 167,
  "fields": {
    "user": 9,
    "jti": "cacb233a46f9418ab4fe7094e3e0332a",
    "token": "eyJhbGciOiJIUzI1NiIsInR5cCI6IkpXVCJ9.eyJ0b2tlbl90eXBlIjoicmVmcmVzaCIsImV4cCI6MTc0NzIwNzU1MywiaWF0IjoxNzQ3MTIxMTUzLCJqdGkiOiJjYWNiMjMzYTQ2Zjk0MThhYjRmZTcwOTRlM2UwMzMyYSIsInVzZXJfaWQiOjl9.UBSsRHqlGpN7qO9i3_wTusJZJEsIO1G-xsZUNnHXViw",
    "created_at": "2025-05-13T07:25:53.285Z",
    "expires_at": "2025-05-14T07:25:53Z"
  }
},
{
  "model": "token_blacklist.outstandingtoken",
  "pk": 168,
  "fields": {
    "user": 11,
    "jti": "dd2b6deaba594f33a2774f4409131353",
    "token": "eyJhbGciOiJIUzI1NiIsInR5cCI6IkpXVCJ9.eyJ0b2tlbl90eXBlIjoicmVmcmVzaCIsImV4cCI6MTc0NzIwNzcwMSwiaWF0IjoxNzQ3MTIxMzAxLCJqdGkiOiJkZDJiNmRlYWJhNTk0ZjMzYTI3NzRmNDQwOTEzMTM1MyIsInVzZXJfaWQiOjExfQ.uPjLxYEHY-kiBIu2e8sa3xKlIcqlQp_dXlnFf9iw7m8",
    "created_at": "2025-05-13T07:28:21.107Z",
    "expires_at": "2025-05-14T07:28:21Z"
  }
},
{
  "model": "token_blacklist.outstandingtoken",
  "pk": 169,
  "fields": {
    "user": 11,
    "jti": "8edf4c6e2753447eb91af14c6189f627",
    "token": "eyJhbGciOiJIUzI1NiIsInR5cCI6IkpXVCJ9.eyJ0b2tlbl90eXBlIjoicmVmcmVzaCIsImV4cCI6MTc0NzIwNzg5OCwiaWF0IjoxNzQ3MTIxNDk4LCJqdGkiOiI4ZWRmNGM2ZTI3NTM0NDdlYjkxYWYxNGM2MTg5ZjYyNyIsInVzZXJfaWQiOjExfQ.eBRyTZyVLBR2bOiAUKJ5i1t22AQZLmRuQ8qiv7ug2EM",
    "created_at": "2025-05-13T07:31:38.864Z",
    "expires_at": "2025-05-14T07:31:38Z"
  }
},
{
  "model": "token_blacklist.outstandingtoken",
  "pk": 170,
  "fields": {
    "user": 18,
    "jti": "6a1e5601dfd4487699f2cbb765ef7c81",
    "token": "eyJhbGciOiJIUzI1NiIsInR5cCI6IkpXVCJ9.eyJ0b2tlbl90eXBlIjoicmVmcmVzaCIsImV4cCI6MTc0NzIwODMwNCwiaWF0IjoxNzQ3MTIxOTA0LCJqdGkiOiI2YTFlNTYwMWRmZDQ0ODc2OTlmMmNiYjc2NWVmN2M4MSIsInVzZXJfaWQiOjE4fQ.56CipA_HUFY7Uehzhune8j7j5-6BC2OjYoXNEIHAOoM",
    "created_at": "2025-05-13T07:38:24.783Z",
    "expires_at": "2025-05-14T07:38:24Z"
  }
},
{
  "model": "token_blacklist.outstandingtoken",
  "pk": 171,
  "fields": {
    "user": 11,
    "jti": "d12749dadf2349fd8421ccf24162ae59",
    "token": "eyJhbGciOiJIUzI1NiIsInR5cCI6IkpXVCJ9.eyJ0b2tlbl90eXBlIjoicmVmcmVzaCIsImV4cCI6MTc0NzIwODM1MSwiaWF0IjoxNzQ3MTIxOTUxLCJqdGkiOiJkMTI3NDlkYWRmMjM0OWZkODQyMWNjZjI0MTYyYWU1OSIsInVzZXJfaWQiOjExfQ.IVPdYpw5BJP2CSCPz6p4_dHwGRQw4ztfERUfYCSIWdE",
    "created_at": "2025-05-13T07:39:11.213Z",
    "expires_at": "2025-05-14T07:39:11Z"
  }
},
{
  "model": "token_blacklist.outstandingtoken",
  "pk": 172,
  "fields": {
    "user": 18,
    "jti": "ab04cccac3b045779b3321b08ced3a45",
    "token": "eyJhbGciOiJIUzI1NiIsInR5cCI6IkpXVCJ9.eyJ0b2tlbl90eXBlIjoicmVmcmVzaCIsImV4cCI6MTc0NzIwODQxMCwiaWF0IjoxNzQ3MTIyMDEwLCJqdGkiOiJhYjA0Y2NjYWMzYjA0NTc3OWIzMzIxYjA4Y2VkM2E0NSIsInVzZXJfaWQiOjE4fQ.gzUAdDO0CNGQpH_9i2M4bsec0OHbEzO52dWM2zoJguw",
    "created_at": "2025-05-13T07:40:10.787Z",
    "expires_at": "2025-05-14T07:40:10Z"
  }
},
{
  "model": "token_blacklist.outstandingtoken",
  "pk": 173,
  "fields": {
    "user": 11,
    "jti": "84c5cabe494c4b7c9af7dec88874ccc4",
    "token": "eyJhbGciOiJIUzI1NiIsInR5cCI6IkpXVCJ9.eyJ0b2tlbl90eXBlIjoicmVmcmVzaCIsImV4cCI6MTc0NzIwODU2MCwiaWF0IjoxNzQ3MTIyMTYwLCJqdGkiOiI4NGM1Y2FiZTQ5NGM0YjdjOWFmN2RlYzg4ODc0Y2NjNCIsInVzZXJfaWQiOjExfQ.u0yztVVAFph4R7BO-ercCwtrhZysHFYn8CsuAt4pkUM",
    "created_at": "2025-05-13T07:42:40.537Z",
    "expires_at": "2025-05-14T07:42:40Z"
  }
},
{
  "model": "token_blacklist.outstandingtoken",
  "pk": 174,
  "fields": {
    "user": 14,
    "jti": "f48ed7d4d4d44dfe9177ead14e2f8f40",
    "token": "eyJhbGciOiJIUzI1NiIsInR5cCI6IkpXVCJ9.eyJ0b2tlbl90eXBlIjoicmVmcmVzaCIsImV4cCI6MTc0NzIwODY5NywiaWF0IjoxNzQ3MTIyMjk3LCJqdGkiOiJmNDhlZDdkNGQ0ZDQ0ZGZlOTE3N2VhZDE0ZTJmOGY0MCIsInVzZXJfaWQiOjE0fQ.9-3xSttYgxZZg-xZmCZ5ZKWf9eMaoyU65BFHWbB7YxE",
    "created_at": "2025-05-13T07:44:57.379Z",
    "expires_at": "2025-05-14T07:44:57Z"
  }
},
{
  "model": "token_blacklist.outstandingtoken",
  "pk": 175,
  "fields": {
    "user": 11,
    "jti": "b194545df0ea4be0ab1aaff706e903e8",
    "token": "eyJhbGciOiJIUzI1NiIsInR5cCI6IkpXVCJ9.eyJ0b2tlbl90eXBlIjoicmVmcmVzaCIsImV4cCI6MTc0NzI0MzY5NSwiaWF0IjoxNzQ3MTU3Mjk1LCJqdGkiOiJiMTk0NTQ1ZGYwZWE0YmUwYWIxYWFmZjcwNmU5MDNlOCIsInVzZXJfaWQiOjExfQ.by3FomPx4A1Wf7FkGBZIZJLWqYUwvNvUhaXMGX3ADYA",
    "created_at": "2025-05-13T17:28:15.846Z",
    "expires_at": "2025-05-14T17:28:15Z"
  }
},
{
  "model": "token_blacklist.outstandingtoken",
  "pk": 176,
  "fields": {
    "user": 1,
    "jti": "997f9da541d7433b965e407bc06ddbb7",
    "token": "eyJhbGciOiJIUzI1NiIsInR5cCI6IkpXVCJ9.eyJ0b2tlbl90eXBlIjoicmVmcmVzaCIsImV4cCI6MTc0NzI1MzI4MCwiaWF0IjoxNzQ3MTY2ODgwLCJqdGkiOiI5OTdmOWRhNTQxZDc0MzNiOTY1ZTQwN2JjMDZkZGJiNyIsInVzZXJfaWQiOjF9.x9Xrt0BtjBpy0Wlgqhij8XTGLYnnjaf4Xv_-19i8ZtE",
    "created_at": "2025-05-13T20:08:00.775Z",
    "expires_at": "2025-05-14T20:08:00Z"
  }
},
{
  "model": "token_blacklist.outstandingtoken",
  "pk": 177,
  "fields": {
    "user": 1,
    "jti": "2ed3df1f2d1b489f87765a2a28376205",
    "token": "eyJhbGciOiJIUzI1NiIsInR5cCI6IkpXVCJ9.eyJ0b2tlbl90eXBlIjoicmVmcmVzaCIsImV4cCI6MTc0NzI1Njg2MSwiaWF0IjoxNzQ3MTcwNDYxLCJqdGkiOiIyZWQzZGYxZjJkMWI0ODlmODc3NjVhMmEyODM3NjIwNSIsInVzZXJfaWQiOjF9.hAE497Jfs-AhYgmCb7x6eDM33CUcTp5O1oS0zaMvB9w",
    "created_at": "2025-05-13T21:07:41.227Z",
    "expires_at": "2025-05-14T21:07:41Z"
  }
},
{
  "model": "token_blacklist.outstandingtoken",
  "pk": 178,
  "fields": {
    "user": 11,
    "jti": "065287ae6f424592b89e28d55c2fa52b",
    "token": "eyJhbGciOiJIUzI1NiIsInR5cCI6IkpXVCJ9.eyJ0b2tlbl90eXBlIjoicmVmcmVzaCIsImV4cCI6MTc0NzI1Njk1NiwiaWF0IjoxNzQ3MTcwNTU2LCJqdGkiOiIwNjUyODdhZTZmNDI0NTkyYjg5ZTI4ZDU1YzJmYTUyYiIsInVzZXJfaWQiOjExfQ.UDdkqqd70vOZAilalgNMCTx3IojpHDQlsYuHrVn18F8",
    "created_at": "2025-05-13T21:09:16.327Z",
    "expires_at": "2025-05-14T21:09:16Z"
  }
},
{
  "model": "token_blacklist.outstandingtoken",
  "pk": 179,
  "fields": {
    "user": 1,
    "jti": "cb93fde58f7241068171e3f52d083efa",
    "token": "eyJhbGciOiJIUzI1NiIsInR5cCI6IkpXVCJ9.eyJ0b2tlbl90eXBlIjoicmVmcmVzaCIsImV4cCI6MTc0NzI5NzIwNSwiaWF0IjoxNzQ3MjEwODA1LCJqdGkiOiJjYjkzZmRlNThmNzI0MTA2ODE3MWUzZjUyZDA4M2VmYSIsInVzZXJfaWQiOjF9.J0Ghr63zfLTjO-XWgmFN63Tpj5IVaKjHDOKfc6iDHoE",
    "created_at": "2025-05-14T08:20:05.520Z",
    "expires_at": "2025-05-15T08:20:05Z"
  }
},
{
  "model": "token_blacklist.outstandingtoken",
  "pk": 180,
  "fields": {
    "user": 11,
    "jti": "88bc53cb9e414ab28d7cc42639c1c175",
    "token": "eyJhbGciOiJIUzI1NiIsInR5cCI6IkpXVCJ9.eyJ0b2tlbl90eXBlIjoicmVmcmVzaCIsImV4cCI6MTc0NzI5NzI4MSwiaWF0IjoxNzQ3MjEwODgxLCJqdGkiOiI4OGJjNTNjYjllNDE0YWIyOGQ3Y2M0MjYzOWMxYzE3NSIsInVzZXJfaWQiOjExfQ.pSOmtujfSJYjWapkbJlzisPmPWij8RmaiWo7-cwKop0",
    "created_at": "2025-05-14T08:21:21.633Z",
    "expires_at": "2025-05-15T08:21:21Z"
  }
},
{
  "model": "token_blacklist.outstandingtoken",
  "pk": 181,
  "fields": {
    "user": 11,
    "jti": "6bdaac161ff046b5a28b746d009a0cd4",
    "token": "eyJhbGciOiJIUzI1NiIsInR5cCI6IkpXVCJ9.eyJ0b2tlbl90eXBlIjoicmVmcmVzaCIsImV4cCI6MTc0NzI5NzQyNywiaWF0IjoxNzQ3MjExMDI3LCJqdGkiOiI2YmRhYWMxNjFmZjA0NmI1YTI4Yjc0NmQwMDlhMGNkNCIsInVzZXJfaWQiOjExfQ.2H7Xifg_LpVl5igUhph27k1pgAfVOFRq4ieymMXeJWI",
    "created_at": "2025-05-14T08:23:47.992Z",
    "expires_at": "2025-05-15T08:23:47Z"
  }
},
{
  "model": "token_blacklist.outstandingtoken",
  "pk": 182,
  "fields": {
    "user": 11,
    "jti": "3e221986eb034962a8fd73d159d0c2a4",
    "token": "eyJhbGciOiJIUzI1NiIsInR5cCI6IkpXVCJ9.eyJ0b2tlbl90eXBlIjoicmVmcmVzaCIsImV4cCI6MTc0NzMwNzUyNSwiaWF0IjoxNzQ3MjIxMTI1LCJqdGkiOiIzZTIyMTk4NmViMDM0OTYyYThmZDczZDE1OWQwYzJhNCIsInVzZXJfaWQiOjExfQ.SN6PFOxuuQwGvLd_zMFjfUlRREIdE6AWnO2xz3slL88",
    "created_at": "2025-05-14T11:12:05.956Z",
    "expires_at": "2025-05-15T11:12:05Z"
  }
},
{
  "model": "token_blacklist.outstandingtoken",
  "pk": 183,
  "fields": {
    "user": 11,
    "jti": "21f387c8118d4a2eb8c3bdb6d2d1351f",
    "token": "eyJhbGciOiJIUzI1NiIsInR5cCI6IkpXVCJ9.eyJ0b2tlbl90eXBlIjoicmVmcmVzaCIsImV4cCI6MTc0NzMwODEzNCwiaWF0IjoxNzQ3MjIxNzM0LCJqdGkiOiIyMWYzODdjODExOGQ0YTJlYjhjM2JkYjZkMmQxMzUxZiIsInVzZXJfaWQiOjExfQ.tQKLRVPLwOQS7g5oEHFklaKQ5iK9ncOxoJlK-a94ZkY",
    "created_at": "2025-05-14T11:22:14.023Z",
    "expires_at": "2025-05-15T11:22:14Z"
  }
},
{
  "model": "token_blacklist.outstandingtoken",
  "pk": 184,
  "fields": {
    "user": 11,
    "jti": "4cbff8bd05064e2ea7b32adf4f57e978",
    "token": "eyJhbGciOiJIUzI1NiIsInR5cCI6IkpXVCJ9.eyJ0b2tlbl90eXBlIjoicmVmcmVzaCIsImV4cCI6MTc0NzMwODYzMCwiaWF0IjoxNzQ3MjIyMjMwLCJqdGkiOiI0Y2JmZjhiZDA1MDY0ZTJlYTdiMzJhZGY0ZjU3ZTk3OCIsInVzZXJfaWQiOjExfQ.xCVuIH0J4uimvhhZnjwyIQ-ftFKWZjseSgOpGZ39e3M",
    "created_at": "2025-05-14T11:30:30.836Z",
    "expires_at": "2025-05-15T11:30:30Z"
  }
},
{
  "model": "token_blacklist.outstandingtoken",
  "pk": 185,
  "fields": {
    "user": 11,
    "jti": "6a07ec9435de4d258268e0b222213f51",
    "token": "eyJhbGciOiJIUzI1NiIsInR5cCI6IkpXVCJ9.eyJ0b2tlbl90eXBlIjoicmVmcmVzaCIsImV4cCI6MTc0NzMxNTU0NSwiaWF0IjoxNzQ3MjI5MTQ1LCJqdGkiOiI2YTA3ZWM5NDM1ZGU0ZDI1ODI2OGUwYjIyMjIxM2Y1MSIsInVzZXJfaWQiOjExfQ.zrjyIQAPZdgRtcE3xMmINQdjgdekIcPmFfwIwQvcYwM",
    "created_at": "2025-05-14T13:25:45.103Z",
    "expires_at": "2025-05-15T13:25:45Z"
  }
},
{
  "model": "token_blacklist.outstandingtoken",
  "pk": 186,
  "fields": {
    "user": 11,
    "jti": "f2943e77cb0e4197885a3738eacb9831",
    "token": "eyJhbGciOiJIUzI1NiIsInR5cCI6IkpXVCJ9.eyJ0b2tlbl90eXBlIjoicmVmcmVzaCIsImV4cCI6MTc0NzMzNjU0MSwiaWF0IjoxNzQ3MjUwMTQxLCJqdGkiOiJmMjk0M2U3N2NiMGU0MTk3ODg1YTM3MzhlYWNiOTgzMSIsInVzZXJfaWQiOjExfQ._CRjLQkvZZupjUJmt1rvpuFkoG9TVBe6dqCbAjr7OlA",
    "created_at": "2025-05-14T19:15:41.262Z",
    "expires_at": "2025-05-15T19:15:41Z"
  }
},
{
  "model": "token_blacklist.outstandingtoken",
  "pk": 187,
  "fields": {
    "user": 11,
    "jti": "fe592337c05a4badb7e5a49f9c6d6ae8",
    "token": "eyJhbGciOiJIUzI1NiIsInR5cCI6IkpXVCJ9.eyJ0b2tlbl90eXBlIjoicmVmcmVzaCIsImV4cCI6MTc0NzM5NzE3NCwiaWF0IjoxNzQ3MzEwNzc0LCJqdGkiOiJmZTU5MjMzN2MwNWE0YmFkYjdlNWE0OWY5YzZkNmFlOCIsInVzZXJfaWQiOjExfQ.KYeEJWS0DRpcMjFdzewZxvWX-7VM6LIvdDzs3L85mDQ",
    "created_at": "2025-05-15T12:06:14.078Z",
    "expires_at": "2025-05-16T12:06:14Z"
  }
},
{
  "model": "token_blacklist.outstandingtoken",
  "pk": 188,
  "fields": {
    "user": 9,
    "jti": "db05f1b057f34cf896aa778bf31a59cb",
    "token": "eyJhbGciOiJIUzI1NiIsInR5cCI6IkpXVCJ9.eyJ0b2tlbl90eXBlIjoicmVmcmVzaCIsImV4cCI6MTc0NzM5ODA3NiwiaWF0IjoxNzQ3MzExNjc2LCJqdGkiOiJkYjA1ZjFiMDU3ZjM0Y2Y4OTZhYTc3OGJmMzFhNTljYiIsInVzZXJfaWQiOjl9.Eds6wHAYGyOoar49m7ZRFJKci_jgoCqAbrTxsh0SEQo",
    "created_at": "2025-05-15T12:21:16.423Z",
    "expires_at": "2025-05-16T12:21:16Z"
  }
},
{
  "model": "token_blacklist.outstandingtoken",
  "pk": 189,
  "fields": {
    "user": 9,
    "jti": "2eb9a32237bc4323af35e217f4b41a3e",
    "token": "eyJhbGciOiJIUzI1NiIsInR5cCI6IkpXVCJ9.eyJ0b2tlbl90eXBlIjoicmVmcmVzaCIsImV4cCI6MTc0NzM5ODMzNSwiaWF0IjoxNzQ3MzExOTM1LCJqdGkiOiIyZWI5YTMyMjM3YmM0MzIzYWYzNWUyMTdmNGI0MWEzZSIsInVzZXJfaWQiOjl9.u-29WHd3yEs-hVekbxYeJ5kg2CHJ_7hJ5b7wTzkZULQ",
    "created_at": "2025-05-15T12:25:35.866Z",
    "expires_at": "2025-05-16T12:25:35Z"
  }
},
{
  "model": "token_blacklist.outstandingtoken",
  "pk": 190,
  "fields": {
    "user": 1,
    "jti": "5e118816e0754ef8986582ac2d2b33df",
    "token": "eyJhbGciOiJIUzI1NiIsInR5cCI6IkpXVCJ9.eyJ0b2tlbl90eXBlIjoicmVmcmVzaCIsImV4cCI6MTc0NzQwNzY3NCwiaWF0IjoxNzQ3MzIxMjc0LCJqdGkiOiI1ZTExODgxNmUwNzU0ZWY4OTg2NTgyYWMyZDJiMzNkZiIsInVzZXJfaWQiOjF9.MBzxzp04hl0Dtk9CqOKrNw83d4-5Ab0ore1RKOI6tRE",
    "created_at": "2025-05-15T15:01:14.187Z",
    "expires_at": "2025-05-16T15:01:14Z"
  }
},
{
  "model": "token_blacklist.outstandingtoken",
  "pk": 191,
  "fields": {
    "user": 11,
    "jti": "420ca9bf1cb44a74adc30195ddab7358",
    "token": "eyJhbGciOiJIUzI1NiIsInR5cCI6IkpXVCJ9.eyJ0b2tlbl90eXBlIjoicmVmcmVzaCIsImV4cCI6MTc0NzQwODQ2OCwiaWF0IjoxNzQ3MzIyMDY4LCJqdGkiOiI0MjBjYTliZjFjYjQ0YTc0YWRjMzAxOTVkZGFiNzM1OCIsInVzZXJfaWQiOjExfQ.Z33eRrJoz0DQElyzeqI6dhNno4zuVIWAliFWwmNpcFM",
    "created_at": "2025-05-15T15:14:28.137Z",
    "expires_at": "2025-05-16T15:14:28Z"
  }
},
{
  "model": "token_blacklist.outstandingtoken",
  "pk": 192,
  "fields": {
    "user": 10,
    "jti": "de840923003f432da36b1c5de7412664",
    "token": "eyJhbGciOiJIUzI1NiIsInR5cCI6IkpXVCJ9.eyJ0b2tlbl90eXBlIjoicmVmcmVzaCIsImV4cCI6MTc0NzQxNzE2OSwiaWF0IjoxNzQ3MzMwNzY5LCJqdGkiOiJkZTg0MDkyMzAwM2Y0MzJkYTM2YjFjNWRlNzQxMjY2NCIsInVzZXJfaWQiOjEwfQ.Lsb-1rHe0hNPbP91S-dK9HbvHC1dTGqjTFbd0FeE-lg",
    "created_at": "2025-05-15T17:39:29.318Z",
    "expires_at": "2025-05-16T17:39:29Z"
  }
},
{
  "model": "token_blacklist.outstandingtoken",
  "pk": 193,
  "fields": {
    "user": 9,
    "jti": "af82cf9c486a45cdadecce9f2f817288",
    "token": "eyJhbGciOiJIUzI1NiIsInR5cCI6IkpXVCJ9.eyJ0b2tlbl90eXBlIjoicmVmcmVzaCIsImV4cCI6MTc0NzQxNzYxOSwiaWF0IjoxNzQ3MzMxMjE5LCJqdGkiOiJhZjgyY2Y5YzQ4NmE0NWNkYWRlY2NlOWYyZjgxNzI4OCIsInVzZXJfaWQiOjl9.7nUE2QDVem2EPG02MOyR7NLGl1DQe6DpelEOaVzsoO4",
    "created_at": "2025-05-15T17:46:59.744Z",
    "expires_at": "2025-05-16T17:46:59Z"
  }
},
{
  "model": "token_blacklist.outstandingtoken",
  "pk": 194,
  "fields": {
    "user": 9,
    "jti": "bc50e84c01694222aae0d6077a1ccfaf",
    "token": "eyJhbGciOiJIUzI1NiIsInR5cCI6IkpXVCJ9.eyJ0b2tlbl90eXBlIjoicmVmcmVzaCIsImV4cCI6MTc0NzQxODg4MywiaWF0IjoxNzQ3MzMyNDgzLCJqdGkiOiJiYzUwZTg0YzAxNjk0MjIyYWFlMGQ2MDc3YTFjY2ZhZiIsInVzZXJfaWQiOjl9._VBjgvDY1a9VmcVD_83LBOGg7cvn3OI14XREZ8K870U",
    "created_at": "2025-05-15T18:08:03.830Z",
    "expires_at": "2025-05-16T18:08:03Z"
  }
},
{
  "model": "token_blacklist.outstandingtoken",
  "pk": 195,
  "fields": {
    "user": 10,
    "jti": "a4cc188cae31417a914c16d3a3ea2b40",
    "token": "eyJhbGciOiJIUzI1NiIsInR5cCI6IkpXVCJ9.eyJ0b2tlbl90eXBlIjoicmVmcmVzaCIsImV4cCI6MTc0NzQyMTg5NywiaWF0IjoxNzQ3MzM1NDk3LCJqdGkiOiJhNGNjMTg4Y2FlMzE0MTdhOTE0YzE2ZDNhM2VhMmI0MCIsInVzZXJfaWQiOjEwfQ.mARFGiO6FKXcvscopMi2_U5VLX2rIEz3T4t2VeS95sE",
    "created_at": "2025-05-15T18:58:17.687Z",
    "expires_at": "2025-05-16T18:58:17Z"
  }
},
{
  "model": "token_blacklist.outstandingtoken",
  "pk": 196,
  "fields": {
    "user": 11,
    "jti": "54ee3a1c8a624582b5a150a41e004b1d",
    "token": "eyJhbGciOiJIUzI1NiIsInR5cCI6IkpXVCJ9.eyJ0b2tlbl90eXBlIjoicmVmcmVzaCIsImV4cCI6MTc0NzQyMjA2NCwiaWF0IjoxNzQ3MzM1NjY0LCJqdGkiOiI1NGVlM2ExYzhhNjI0NTgyYjVhMTUwYTQxZTAwNGIxZCIsInVzZXJfaWQiOjExfQ.KlWcJdDAn2ey69CWHOHwPlMzaoFY2AUJ-e4P9H0R-3M",
    "created_at": "2025-05-15T19:01:04.230Z",
    "expires_at": "2025-05-16T19:01:04Z"
  }
},
{
  "model": "token_blacklist.outstandingtoken",
  "pk": 197,
  "fields": {
    "user": 11,
    "jti": "7eeaf5d42fd8486f960b6578bb38f1a5",
    "token": "eyJhbGciOiJIUzI1NiIsInR5cCI6IkpXVCJ9.eyJ0b2tlbl90eXBlIjoicmVmcmVzaCIsImV4cCI6MTc0NzQzMDUxMywiaWF0IjoxNzQ3MzQ0MTEzLCJqdGkiOiI3ZWVhZjVkNDJmZDg0ODZmOTYwYjY1NzhiYjM4ZjFhNSIsInVzZXJfaWQiOjExfQ.1nsZulL70Lg3YdovwfGMVWvrljIqrjCsGwR-8owjTQE",
    "created_at": "2025-05-15T21:21:53.778Z",
    "expires_at": "2025-05-16T21:21:53Z"
  }
},
{
  "model": "token_blacklist.outstandingtoken",
  "pk": 198,
  "fields": {
    "user": 11,
    "jti": "a03edccfa72a4523a89fec5eb588aaf3",
    "token": "eyJhbGciOiJIUzI1NiIsInR5cCI6IkpXVCJ9.eyJ0b2tlbl90eXBlIjoicmVmcmVzaCIsImV4cCI6MTc0NzQ2MzA4NywiaWF0IjoxNzQ3Mzc2Njg3LCJqdGkiOiJhMDNlZGNjZmE3MmE0NTIzYTg5ZmVjNWViNTg4YWFmMyIsInVzZXJfaWQiOjExfQ.zqmiHUyEigXzlPGg3tabfg3Kg5c_FrRLG5HPGtg3IUE",
    "created_at": "2025-05-16T06:24:47.589Z",
    "expires_at": "2025-05-17T06:24:47Z"
  }
},
{
  "model": "token_blacklist.outstandingtoken",
  "pk": 199,
  "fields": {
    "user": 1,
    "jti": "edf457ebeae145f394c2f82ab298384d",
    "token": "eyJhbGciOiJIUzI1NiIsInR5cCI6IkpXVCJ9.eyJ0b2tlbl90eXBlIjoicmVmcmVzaCIsImV4cCI6MTc0NzQ2NDMwNiwiaWF0IjoxNzQ3Mzc3OTA2LCJqdGkiOiJlZGY0NTdlYmVhZTE0NWYzOTRjMmY4MmFiMjk4Mzg0ZCIsInVzZXJfaWQiOjF9.I6NBtKKnexd5QEZLgkRtvzqxzIuInk2JFpjeGoLK0hU",
    "created_at": "2025-05-16T06:45:06.955Z",
    "expires_at": "2025-05-17T06:45:06Z"
  }
},
{
  "model": "token_blacklist.outstandingtoken",
  "pk": 200,
  "fields": {
    "user": 11,
    "jti": "a4c81b41305e41e0b678f28ecc448405",
    "token": "eyJhbGciOiJIUzI1NiIsInR5cCI6IkpXVCJ9.eyJ0b2tlbl90eXBlIjoicmVmcmVzaCIsImV4cCI6MTc0NzQ4NDUzMCwiaWF0IjoxNzQ3Mzk4MTMwLCJqdGkiOiJhNGM4MWI0MTMwNWU0MWUwYjY3OGYyOGVjYzQ0ODQwNSIsInVzZXJfaWQiOjExfQ.bGThstbNltHOJ_1BYEvfjn4BGD8Qe1UvAbEKToD8kkA",
    "created_at": "2025-05-16T12:22:10.327Z",
    "expires_at": "2025-05-17T12:22:10Z"
  }
},
{
  "model": "token_blacklist.outstandingtoken",
  "pk": 201,
  "fields": {
    "user": 17,
    "jti": "f9d856ea720e4589867e9b56c6904d92",
    "token": "eyJhbGciOiJIUzI1NiIsInR5cCI6IkpXVCJ9.eyJ0b2tlbl90eXBlIjoicmVmcmVzaCIsImV4cCI6MTc0NzQ4NTU4NiwiaWF0IjoxNzQ3Mzk5MTg2LCJqdGkiOiJmOWQ4NTZlYTcyMGU0NTg5ODY3ZTliNTZjNjkwNGQ5MiIsInVzZXJfaWQiOjE3fQ.dRWqSzKCGnZhHlpbDIp1teEjPO7Ma4d7ONgnxdoxdwA",
    "created_at": "2025-05-16T12:39:46.128Z",
    "expires_at": "2025-05-17T12:39:46Z"
  }
},
{
  "model": "token_blacklist.outstandingtoken",
  "pk": 202,
  "fields": {
    "user": 11,
    "jti": "bde51d8826e6432eb367e5b7a82e62fb",
    "token": "eyJhbGciOiJIUzI1NiIsInR5cCI6IkpXVCJ9.eyJ0b2tlbl90eXBlIjoicmVmcmVzaCIsImV4cCI6MTc0NzQ4NTc1MywiaWF0IjoxNzQ3Mzk5MzUzLCJqdGkiOiJiZGU1MWQ4ODI2ZTY0MzJlYjM2N2U1YjdhODJlNjJmYiIsInVzZXJfaWQiOjExfQ.zw9D2UifA2G1r1ngOHqa5MaSAImV3s4vFw6EzxmVO2s",
    "created_at": "2025-05-16T12:42:33.444Z",
    "expires_at": "2025-05-17T12:42:33Z"
  }
},
{
  "model": "token_blacklist.outstandingtoken",
  "pk": 203,
  "fields": {
    "user": 18,
    "jti": "c655d4138a104c8695bbb395c7ebafcd",
    "token": "eyJhbGciOiJIUzI1NiIsInR5cCI6IkpXVCJ9.eyJ0b2tlbl90eXBlIjoicmVmcmVzaCIsImV4cCI6MTc0NzQ4Njc4MiwiaWF0IjoxNzQ3NDAwMzgyLCJqdGkiOiJjNjU1ZDQxMzhhMTA0Yzg2OTViYmIzOTVjN2ViYWZjZCIsInVzZXJfaWQiOjE4fQ.ylYfeIAmaCEgVt4RKTUaGoaXHu3NOFf8O-gk00pl8ro",
    "created_at": "2025-05-16T12:59:42.208Z",
    "expires_at": "2025-05-17T12:59:42Z"
  }
},
{
  "model": "token_blacklist.outstandingtoken",
  "pk": 204,
  "fields": {
    "user": 1,
    "jti": "efc0b8aeffe247d7a6fa7ab4ecb173f1",
    "token": "eyJhbGciOiJIUzI1NiIsInR5cCI6IkpXVCJ9.eyJ0b2tlbl90eXBlIjoicmVmcmVzaCIsImV4cCI6MTc0NzQ4OTE1MCwiaWF0IjoxNzQ3NDAyNzUwLCJqdGkiOiJlZmMwYjhhZWZmZTI0N2Q3YTZmYTdhYjRlY2IxNzNmMSIsInVzZXJfaWQiOjF9.oTEwxnQawyjjn-le7reOmE1ZNB0bX6CeFYLBUYKkPJU",
    "created_at": "2025-05-16T13:39:10.762Z",
    "expires_at": "2025-05-17T13:39:10Z"
  }
},
{
  "model": "token_blacklist.outstandingtoken",
  "pk": 205,
  "fields": {
    "user": 11,
    "jti": "b505dba549a649d48de609a8ede0ede5",
    "token": "eyJhbGciOiJIUzI1NiIsInR5cCI6IkpXVCJ9.eyJ0b2tlbl90eXBlIjoicmVmcmVzaCIsImV4cCI6MTc0NzQ4OTIxMSwiaWF0IjoxNzQ3NDAyODExLCJqdGkiOiJiNTA1ZGJhNTQ5YTY0OWQ0OGRlNjA5YThlZGUwZWRlNSIsInVzZXJfaWQiOjExfQ.D2BSY9WcFHHXjJ4WTYF2lTLUCLmm-zI_4cFyzufIsq0",
    "created_at": "2025-05-16T13:40:11.126Z",
    "expires_at": "2025-05-17T13:40:11Z"
  }
},
{
  "model": "token_blacklist.outstandingtoken",
  "pk": 206,
  "fields": {
    "user": 11,
    "jti": "0c0ea243f9ce4b739669fc7c69769fa4",
    "token": "eyJhbGciOiJIUzI1NiIsInR5cCI6IkpXVCJ9.eyJ0b2tlbl90eXBlIjoicmVmcmVzaCIsImV4cCI6MTc0NzQ4OTQzMCwiaWF0IjoxNzQ3NDAzMDMwLCJqdGkiOiIwYzBlYTI0M2Y5Y2U0YjczOTY2OWZjN2M2OTc2OWZhNCIsInVzZXJfaWQiOjExfQ.TfFzdO2Zw69IkQ-v6tzAmmH3xb-grSABbleD0l_LH5w",
    "created_at": "2025-05-16T13:43:50.240Z",
    "expires_at": "2025-05-17T13:43:50Z"
  }
},
{
  "model": "token_blacklist.outstandingtoken",
  "pk": 207,
  "fields": {
    "user": 11,
    "jti": "c8e5c5b429c446de83ca3a5fa3641f46",
    "token": "eyJhbGciOiJIUzI1NiIsInR5cCI6IkpXVCJ9.eyJ0b2tlbl90eXBlIjoicmVmcmVzaCIsImV4cCI6MTc0NzQ4OTQ3OSwiaWF0IjoxNzQ3NDAzMDc5LCJqdGkiOiJjOGU1YzViNDI5YzQ0NmRlODNjYTNhNWZhMzY0MWY0NiIsInVzZXJfaWQiOjExfQ.TRceB0MfD2sID9_Izt8c-3Tp47_knj6azklreAvw_nQ",
    "created_at": "2025-05-16T13:44:39.786Z",
    "expires_at": "2025-05-17T13:44:39Z"
  }
},
{
  "model": "token_blacklist.outstandingtoken",
  "pk": 208,
  "fields": {
    "user": 18,
    "jti": "58769e91262f48ce9948fbd4777e6776",
    "token": "eyJhbGciOiJIUzI1NiIsInR5cCI6IkpXVCJ9.eyJ0b2tlbl90eXBlIjoicmVmcmVzaCIsImV4cCI6MTc0NzQ4OTk2MCwiaWF0IjoxNzQ3NDAzNTYwLCJqdGkiOiI1ODc2OWU5MTI2MmY0OGNlOTk0OGZiZDQ3NzdlNjc3NiIsInVzZXJfaWQiOjE4fQ.FFDfJtMuQqHHIgpw0z9fKW9pNlZiaLArFu1P4DxP2BA",
    "created_at": "2025-05-16T13:52:40.010Z",
    "expires_at": "2025-05-17T13:52:40Z"
  }
},
{
  "model": "token_blacklist.outstandingtoken",
  "pk": 209,
  "fields": {
    "user": 11,
    "jti": "8e2dac9ed0404aa480343861027a7bba",
    "token": "eyJhbGciOiJIUzI1NiIsInR5cCI6IkpXVCJ9.eyJ0b2tlbl90eXBlIjoicmVmcmVzaCIsImV4cCI6MTc0NzQ5MDI3MCwiaWF0IjoxNzQ3NDAzODcwLCJqdGkiOiI4ZTJkYWM5ZWQwNDA0YWE0ODAzNDM4NjEwMjdhN2JiYSIsInVzZXJfaWQiOjExfQ.MQdG2eBXzxitujP0A66SXaIMK44QXQ_tQbFdiyIZV48",
    "created_at": "2025-05-16T13:57:50.312Z",
    "expires_at": "2025-05-17T13:57:50Z"
  }
},
{
  "model": "token_blacklist.outstandingtoken",
  "pk": 210,
  "fields": {
    "user": 11,
    "jti": "2a5b00d879824aa7baecc6511e8a4fdb",
    "token": "eyJhbGciOiJIUzI1NiIsInR5cCI6IkpXVCJ9.eyJ0b2tlbl90eXBlIjoicmVmcmVzaCIsImV4cCI6MTc0NzUwMDAxOCwiaWF0IjoxNzQ3NDEzNjE4LCJqdGkiOiIyYTViMDBkODc5ODI0YWE3YmFlY2M2NTExZThhNGZkYiIsInVzZXJfaWQiOjExfQ.3A0G1psvmBkNIrQWto3bW-Z7ETPYgvubJMPi8u8zBPU",
    "created_at": "2025-05-16T16:40:18.641Z",
    "expires_at": "2025-05-17T16:40:18Z"
  }
},
{
  "model": "token_blacklist.outstandingtoken",
  "pk": 211,
  "fields": {
    "user": 11,
    "jti": "52fa267886ef40cebd5af28db6bd646c",
    "token": "eyJhbGciOiJIUzI1NiIsInR5cCI6IkpXVCJ9.eyJ0b2tlbl90eXBlIjoicmVmcmVzaCIsImV4cCI6MTc0NzU1MTkxNCwiaWF0IjoxNzQ3NDY1NTE0LCJqdGkiOiI1MmZhMjY3ODg2ZWY0MGNlYmQ1YWYyOGRiNmJkNjQ2YyIsInVzZXJfaWQiOjExfQ.hhjIn-Cf7zN6UAG2wuDzc95_D8oQ30xrPurjmKEf2RM",
    "created_at": "2025-05-17T07:05:14.401Z",
    "expires_at": "2025-05-18T07:05:14Z"
  }
},
{
  "model": "token_blacklist.outstandingtoken",
  "pk": 212,
  "fields": {
    "user": 11,
    "jti": "a58da715be9b497ca50b3eeea554dc70",
    "token": "eyJhbGciOiJIUzI1NiIsInR5cCI6IkpXVCJ9.eyJ0b2tlbl90eXBlIjoicmVmcmVzaCIsImV4cCI6MTc0NzU1MjYwOCwiaWF0IjoxNzQ3NDY2MjA4LCJqdGkiOiJhNThkYTcxNWJlOWI0OTdjYTUwYjNlZWVhNTU0ZGM3MCIsInVzZXJfaWQiOjExfQ.uXelNcCUjr8nMpWnDVlM_C7gSlGwnI2D0ck-wT-fkdc",
    "created_at": "2025-05-17T07:16:48.538Z",
    "expires_at": "2025-05-18T07:16:48Z"
  }
},
{
  "model": "token_blacklist.outstandingtoken",
  "pk": 213,
  "fields": {
    "user": 17,
    "jti": "4ece04d64bb844dfb3567af3787be822",
    "token": "eyJhbGciOiJIUzI1NiIsInR5cCI6IkpXVCJ9.eyJ0b2tlbl90eXBlIjoicmVmcmVzaCIsImV4cCI6MTc0NzU1OTA0NSwiaWF0IjoxNzQ3NDcyNjQ1LCJqdGkiOiI0ZWNlMDRkNjRiYjg0NGRmYjM1NjdhZjM3ODdiZTgyMiIsInVzZXJfaWQiOjE3fQ.IxlCMg2mJH9DzMOJK5aXAyllxrCD9Xl4lo39IfpHNi0",
    "created_at": "2025-05-17T09:04:05.125Z",
    "expires_at": "2025-05-18T09:04:05Z"
  }
},
{
  "model": "token_blacklist.outstandingtoken",
  "pk": 214,
  "fields": {
    "user": 11,
    "jti": "421312dfb1684e0e8e1fc78c10363f1f",
    "token": "eyJhbGciOiJIUzI1NiIsInR5cCI6IkpXVCJ9.eyJ0b2tlbl90eXBlIjoicmVmcmVzaCIsImV4cCI6MTc0NzU1OTA3MiwiaWF0IjoxNzQ3NDcyNjcyLCJqdGkiOiI0MjEzMTJkZmIxNjg0ZTBlOGUxZmM3OGMxMDM2M2YxZiIsInVzZXJfaWQiOjExfQ.jUkayeOSOUjUWwhyfJmLk5WWRSMqNcB0mWHQZWc0QmM",
    "created_at": "2025-05-17T09:04:32.483Z",
    "expires_at": "2025-05-18T09:04:32Z"
  }
},
{
  "model": "token_blacklist.outstandingtoken",
  "pk": 215,
  "fields": {
    "user": 9,
    "jti": "cb8f5aa461f94bb29284d5e535fbdaa8",
    "token": "eyJhbGciOiJIUzI1NiIsInR5cCI6IkpXVCJ9.eyJ0b2tlbl90eXBlIjoicmVmcmVzaCIsImV4cCI6MTc0NzU1OTE0NCwiaWF0IjoxNzQ3NDcyNzQ0LCJqdGkiOiJjYjhmNWFhNDYxZjk0YmIyOTI4NGQ1ZTUzNWZiZGFhOCIsInVzZXJfaWQiOjl9.qNPrvp88hHYGx3DZ3Gfw69rzuDgZjynTmc2HkHtsMuY",
    "created_at": "2025-05-17T09:05:44.926Z",
    "expires_at": "2025-05-18T09:05:44Z"
  }
},
{
  "model": "token_blacklist.outstandingtoken",
  "pk": 216,
  "fields": {
    "user": 11,
    "jti": "cdaa8b9d25e945c1834166dc38f6ae35",
    "token": "eyJhbGciOiJIUzI1NiIsInR5cCI6IkpXVCJ9.eyJ0b2tlbl90eXBlIjoicmVmcmVzaCIsImV4cCI6MTc0NzU1OTM4NywiaWF0IjoxNzQ3NDcyOTg3LCJqdGkiOiJjZGFhOGI5ZDI1ZTk0NWMxODM0MTY2ZGMzOGY2YWUzNSIsInVzZXJfaWQiOjExfQ.AAD7UMxL2j17IGqfZnL-gnFCzSnrcdTytdx-0RplKSA",
    "created_at": "2025-05-17T09:09:47.657Z",
    "expires_at": "2025-05-18T09:09:47Z"
  }
},
{
  "model": "token_blacklist.outstandingtoken",
  "pk": 217,
  "fields": {
    "user": 17,
    "jti": "e8061b13999644cc8346c1a1a345ccd6",
    "token": "eyJhbGciOiJIUzI1NiIsInR5cCI6IkpXVCJ9.eyJ0b2tlbl90eXBlIjoicmVmcmVzaCIsImV4cCI6MTc0NzU1OTU4NywiaWF0IjoxNzQ3NDczMTg3LCJqdGkiOiJlODA2MWIxMzk5OTY0NGNjODM0NmMxYTFhMzQ1Y2NkNiIsInVzZXJfaWQiOjE3fQ.zjLVx7bXqcD8Kiyw0LsP9S0FL7MPNvqfWiC7aIWN4Cc",
    "created_at": "2025-05-17T09:13:07.916Z",
    "expires_at": "2025-05-18T09:13:07Z"
  }
},
{
  "model": "token_blacklist.outstandingtoken",
  "pk": 218,
  "fields": {
    "user": 18,
    "jti": "625ba36e184b4466bcaf6b637b26bbb5",
    "token": "eyJhbGciOiJIUzI1NiIsInR5cCI6IkpXVCJ9.eyJ0b2tlbl90eXBlIjoicmVmcmVzaCIsImV4cCI6MTc0NzU2MDYxMSwiaWF0IjoxNzQ3NDc0MjExLCJqdGkiOiI2MjViYTM2ZTE4NGI0NDY2YmNhZjZiNjM3YjI2YmJiNSIsInVzZXJfaWQiOjE4fQ.3otQ5UxVwyCeaY0iPr7eaTf2g8-1Qavccp_YzNtlZHY",
    "created_at": "2025-05-17T09:30:11.946Z",
    "expires_at": "2025-05-18T09:30:11Z"
  }
},
{
  "model": "token_blacklist.outstandingtoken",
  "pk": 219,
  "fields": {
    "user": 9,
    "jti": "3678108fd68040ef94097902321099b8",
    "token": "eyJhbGciOiJIUzI1NiIsInR5cCI6IkpXVCJ9.eyJ0b2tlbl90eXBlIjoicmVmcmVzaCIsImV4cCI6MTc0NzU2MDY4NiwiaWF0IjoxNzQ3NDc0Mjg2LCJqdGkiOiIzNjc4MTA4ZmQ2ODA0MGVmOTQwOTc5MDIzMjEwOTliOCIsInVzZXJfaWQiOjl9.xdDwe0DUe4rmAWm9jKmiLpeHPtUmkTnOKxmVJ_rY7Uc",
    "created_at": "2025-05-17T09:31:26.444Z",
    "expires_at": "2025-05-18T09:31:26Z"
  }
},
{
  "model": "token_blacklist.outstandingtoken",
  "pk": 220,
  "fields": {
    "user": 11,
    "jti": "f124d3ec11a04010a2da8049359a05c0",
    "token": "eyJhbGciOiJIUzI1NiIsInR5cCI6IkpXVCJ9.eyJ0b2tlbl90eXBlIjoicmVmcmVzaCIsImV4cCI6MTc0NzU2MTAyNSwiaWF0IjoxNzQ3NDc0NjI1LCJqdGkiOiJmMTI0ZDNlYzExYTA0MDEwYTJkYTgwNDkzNTlhMDVjMCIsInVzZXJfaWQiOjExfQ.uiwNBLKpOxcKuQY7aIsQjiViDbwmwja8erdHBMfo8z4",
    "created_at": "2025-05-17T09:37:05.100Z",
    "expires_at": "2025-05-18T09:37:05Z"
  }
},
{
  "model": "token_blacklist.outstandingtoken",
  "pk": 221,
  "fields": {
    "user": 18,
    "jti": "47f8e9890ead43008b7f43aa33070310",
    "token": "eyJhbGciOiJIUzI1NiIsInR5cCI6IkpXVCJ9.eyJ0b2tlbl90eXBlIjoicmVmcmVzaCIsImV4cCI6MTc0NzU2MTI3MiwiaWF0IjoxNzQ3NDc0ODcyLCJqdGkiOiI0N2Y4ZTk4OTBlYWQ0MzAwOGI3ZjQzYWEzMzA3MDMxMCIsInVzZXJfaWQiOjE4fQ.ehNZ6SYHXVMkBpJbHFhGPgbMURjwts-d1SMu-2PV7EY",
    "created_at": "2025-05-17T09:41:12.093Z",
    "expires_at": "2025-05-18T09:41:12Z"
  }
},
{
  "model": "token_blacklist.outstandingtoken",
  "pk": 222,
  "fields": {
    "user": 9,
    "jti": "c53a92611c934941872d272f25d9e9cd",
    "token": "eyJhbGciOiJIUzI1NiIsInR5cCI6IkpXVCJ9.eyJ0b2tlbl90eXBlIjoicmVmcmVzaCIsImV4cCI6MTc0NzU2MjA2NywiaWF0IjoxNzQ3NDc1NjY3LCJqdGkiOiJjNTNhOTI2MTFjOTM0OTQxODcyZDI3MmYyNWQ5ZTljZCIsInVzZXJfaWQiOjl9.MD_YJbVzVbiB0iyRst4Ipy00F2xESkfZ00Jg5JHYqGs",
    "created_at": "2025-05-17T09:54:27.557Z",
    "expires_at": "2025-05-18T09:54:27Z"
  }
},
{
  "model": "token_blacklist.outstandingtoken",
  "pk": 223,
  "fields": {
    "user": 11,
    "jti": "b51a0f84e6f748cca5eda4d959990266",
    "token": "eyJhbGciOiJIUzI1NiIsInR5cCI6IkpXVCJ9.eyJ0b2tlbl90eXBlIjoicmVmcmVzaCIsImV4cCI6MTc0NzU2MjI1MSwiaWF0IjoxNzQ3NDc1ODUxLCJqdGkiOiJiNTFhMGY4NGU2Zjc0OGNjYTVlZGE0ZDk1OTk5MDI2NiIsInVzZXJfaWQiOjExfQ.qfzRsctqmqACf8GYZ2vFlkTPLRMRXsodrHyzP4_3P5I",
    "created_at": "2025-05-17T09:57:31.557Z",
    "expires_at": "2025-05-18T09:57:31Z"
  }
},
{
  "model": "token_blacklist.outstandingtoken",
  "pk": 224,
  "fields": {
    "user": 20,
    "jti": "dca07480dc494a55aee3427d32350323",
    "token": "eyJhbGciOiJIUzI1NiIsInR5cCI6IkpXVCJ9.eyJ0b2tlbl90eXBlIjoicmVmcmVzaCIsImV4cCI6MTc0NzU2MjQ4MywiaWF0IjoxNzQ3NDc2MDgzLCJqdGkiOiJkY2EwNzQ4MGRjNDk0YTU1YWVlMzQyN2QzMjM1MDMyMyIsInVzZXJfaWQiOjIwfQ.Y4iPWstkr4eJng5Fs3mrNO-D62br1FCTFrsrRmN-NFA",
    "created_at": "2025-05-17T10:01:23.065Z",
    "expires_at": "2025-05-18T10:01:23Z"
  }
},
{
  "model": "token_blacklist.outstandingtoken",
  "pk": 225,
  "fields": {
    "user": 20,
    "jti": "d7bf4b1a85cf43eeabaa9fe5e5fd583e",
    "token": "eyJhbGciOiJIUzI1NiIsInR5cCI6IkpXVCJ9.eyJ0b2tlbl90eXBlIjoicmVmcmVzaCIsImV4cCI6MTc0NzU2MzY1NywiaWF0IjoxNzQ3NDc3MjU3LCJqdGkiOiJkN2JmNGIxYTg1Y2Y0M2VlYWJhYTlmZTVlNWZkNTgzZSIsInVzZXJfaWQiOjIwfQ.WWbDOxv_XBoUcVArajZQpLAuzQnAfBVD4Sfi68UgvUc",
    "created_at": "2025-05-17T10:20:57.146Z",
    "expires_at": "2025-05-18T10:20:57Z"
  }
},
{
  "model": "token_blacklist.outstandingtoken",
  "pk": 226,
  "fields": {
    "user": 20,
    "jti": "3cd477b2a78b4ef9b5127ff6e303117f",
    "token": "eyJhbGciOiJIUzI1NiIsInR5cCI6IkpXVCJ9.eyJ0b2tlbl90eXBlIjoicmVmcmVzaCIsImV4cCI6MTc0NzU2MzkwMCwiaWF0IjoxNzQ3NDc3NTAwLCJqdGkiOiIzY2Q0NzdiMmE3OGI0ZWY5YjUxMjdmZjZlMzAzMTE3ZiIsInVzZXJfaWQiOjIwfQ.QyjGFQ0Vg2OXUwv-OtmnN8jhrO5tFdFofOUDfkV-14A",
    "created_at": "2025-05-17T10:25:00.356Z",
    "expires_at": "2025-05-18T10:25:00Z"
  }
},
{
  "model": "token_blacklist.outstandingtoken",
  "pk": 227,
  "fields": {
    "user": 17,
    "jti": "da0af44ce70c425780bfa7bf32b2d669",
    "token": "eyJhbGciOiJIUzI1NiIsInR5cCI6IkpXVCJ9.eyJ0b2tlbl90eXBlIjoicmVmcmVzaCIsImV4cCI6MTc0NzU2NDc5MiwiaWF0IjoxNzQ3NDc4MzkyLCJqdGkiOiJkYTBhZjQ0Y2U3MGM0MjU3ODBiZmE3YmYzMmIyZDY2OSIsInVzZXJfaWQiOjE3fQ.rftoS2TzS4L2_aIGElmug5Sx2OYzB13WPMgI__8ZGK4",
    "created_at": "2025-05-17T10:39:52.635Z",
    "expires_at": "2025-05-18T10:39:52Z"
  }
},
{
  "model": "token_blacklist.outstandingtoken",
  "pk": 228,
  "fields": {
    "user": 17,
    "jti": "d3e234a0f5d84be4a1e6f1061c9f0d1f",
    "token": "eyJhbGciOiJIUzI1NiIsInR5cCI6IkpXVCJ9.eyJ0b2tlbl90eXBlIjoicmVmcmVzaCIsImV4cCI6MTc0NzU2NTE3OCwiaWF0IjoxNzQ3NDc4Nzc4LCJqdGkiOiJkM2UyMzRhMGY1ZDg0YmU0YTFlNmYxMDYxYzlmMGQxZiIsInVzZXJfaWQiOjE3fQ.yHoDyxONJLcHzhRTpUFos9iIKwSkvfnaUTmzJfnYQhk",
    "created_at": "2025-05-17T10:46:18.015Z",
    "expires_at": "2025-05-18T10:46:18Z"
  }
},
{
  "model": "token_blacklist.outstandingtoken",
  "pk": 229,
  "fields": {
    "user": 10,
    "jti": "c6bd46d4327d41f595c8f90be40114b5",
    "token": "eyJhbGciOiJIUzI1NiIsInR5cCI6IkpXVCJ9.eyJ0b2tlbl90eXBlIjoicmVmcmVzaCIsImV4cCI6MTc0NzY3NDQ4MCwiaWF0IjoxNzQ3NTg4MDgwLCJqdGkiOiJjNmJkNDZkNDMyN2Q0MWY1OTVjOGY5MGJlNDAxMTRiNSIsInVzZXJfaWQiOjEwfQ.Mh7IghivlwceyKWsEvnSDLyoG_27v_tMziJpKvNmFTA",
    "created_at": "2025-05-18T17:08:00.934Z",
    "expires_at": "2025-05-19T17:08:00Z"
  }
},
{
  "model": "token_blacklist.outstandingtoken",
  "pk": 230,
  "fields": {
    "user": 11,
    "jti": "b392dca0ac674d0e9e324ee75d5c60a2",
    "token": "eyJhbGciOiJIUzI1NiIsInR5cCI6IkpXVCJ9.eyJ0b2tlbl90eXBlIjoicmVmcmVzaCIsImV4cCI6MTc0NzY3NDc2MywiaWF0IjoxNzQ3NTg4MzYzLCJqdGkiOiJiMzkyZGNhMGFjNjc0ZDBlOWUzMjRlZTc1ZDVjNjBhMiIsInVzZXJfaWQiOjExfQ.oBIh2n-llmH73nQET1l9b3X2AeTlWn7zCn2g5gHp3MI",
    "created_at": "2025-05-18T17:12:43.186Z",
    "expires_at": "2025-05-19T17:12:43Z"
  }
},
{
  "model": "token_blacklist.outstandingtoken",
  "pk": 231,
  "fields": {
    "user": 11,
    "jti": "f05190f2c056423e8f74eef66b039ce6",
    "token": "eyJhbGciOiJIUzI1NiIsInR5cCI6IkpXVCJ9.eyJ0b2tlbl90eXBlIjoicmVmcmVzaCIsImV4cCI6MTc1MDIyOTIyMCwiaWF0IjoxNzQ3NjM3MjIwLCJqdGkiOiJmMDUxOTBmMmMwNTY0MjNlOGY3NGVlZjY2YjAzOWNlNiIsInVzZXJfaWQiOjExfQ.LuIQEp0lYRwxFAupwv2QyzedPU4xmUhFKy0JYZYVHUY",
    "created_at": "2025-05-19T06:47:00.771Z",
    "expires_at": "2025-06-18T06:47:00Z"
  }
},
{
  "model": "token_blacklist.outstandingtoken",
  "pk": 232,
  "fields": {
    "user": 1,
    "jti": "759a4e4ae999426eb532e7f9cf2cd41a",
    "token": "eyJhbGciOiJIUzI1NiIsInR5cCI6IkpXVCJ9.eyJ0b2tlbl90eXBlIjoicmVmcmVzaCIsImV4cCI6MTc1MDIzMDQ0NCwiaWF0IjoxNzQ3NjM4NDQ0LCJqdGkiOiI3NTlhNGU0YWU5OTk0MjZlYjUzMmU3ZjljZjJjZDQxYSIsInVzZXJfaWQiOjF9.aDhmo-2LpmnjVD4eaKcBwXTK5yCnOgaVTnEW9oE5NKY",
    "created_at": "2025-05-19T07:07:24.516Z",
    "expires_at": "2025-06-18T07:07:24Z"
  }
},
{
  "model": "token_blacklist.outstandingtoken",
  "pk": 233,
  "fields": {
    "user": 11,
    "jti": "43f4192085564b3998dc6ab64a80c430",
    "token": "eyJhbGciOiJIUzI1NiIsInR5cCI6IkpXVCJ9.eyJ0b2tlbl90eXBlIjoicmVmcmVzaCIsImV4cCI6MTc1MDIzMDc0NiwiaWF0IjoxNzQ3NjM4NzQ2LCJqdGkiOiI0M2Y0MTkyMDg1NTY0YjM5OThkYzZhYjY0YTgwYzQzMCIsInVzZXJfaWQiOjExfQ.z90Z5rBxxgW0yRzVJCOo9WmpQvMsmCs13tRG-XOlwjo",
    "created_at": "2025-05-19T07:12:26.681Z",
    "expires_at": "2025-06-18T07:12:26Z"
  }
},
{
  "model": "token_blacklist.outstandingtoken",
  "pk": 234,
  "fields": {
    "user": 10,
    "jti": "f27110a1d30146c598e6fc724db7d6fc",
    "token": "eyJhbGciOiJIUzI1NiIsInR5cCI6IkpXVCJ9.eyJ0b2tlbl90eXBlIjoicmVmcmVzaCIsImV4cCI6MTc1MDIzMTM4OSwiaWF0IjoxNzQ3NjM5Mzg5LCJqdGkiOiJmMjcxMTBhMWQzMDE0NmM1OThlNmZjNzI0ZGI3ZDZmYyIsInVzZXJfaWQiOjEwfQ.gXD40W-xcQOAaFlRXqVhoY2Hkvu6LPPfRAlBT0BUqQY",
    "created_at": "2025-05-19T07:23:09.298Z",
    "expires_at": "2025-06-18T07:23:09Z"
  }
},
{
  "model": "token_blacklist.outstandingtoken",
  "pk": 235,
  "fields": {
    "user": 11,
    "jti": "f2b52f5dbc7d470b8d518917551ddca8",
    "token": "eyJhbGciOiJIUzI1NiIsInR5cCI6IkpXVCJ9.eyJ0b2tlbl90eXBlIjoicmVmcmVzaCIsImV4cCI6MTc1MDIzNTUzNSwiaWF0IjoxNzQ3NjQzNTM1LCJqdGkiOiJmMmI1MmY1ZGJjN2Q0NzBiOGQ1MTg5MTc1NTFkZGNhOCIsInVzZXJfaWQiOjExfQ.CayQY52lTQMoYurZISb28vp2H1ivmkHH0-FvqPVMmDE",
    "created_at": "2025-05-19T08:32:15.521Z",
    "expires_at": "2025-06-18T08:32:15Z"
  }
},
{
  "model": "token_blacklist.outstandingtoken",
  "pk": 236,
  "fields": {
    "user": 11,
    "jti": "7c42b845bc3240fe89d6748390c200a7",
    "token": "eyJhbGciOiJIUzI1NiIsInR5cCI6IkpXVCJ9.eyJ0b2tlbl90eXBlIjoicmVmcmVzaCIsImV4cCI6MTc0Nzc0OTgwMywiaWF0IjoxNzQ3NjYzNDAzLCJqdGkiOiI3YzQyYjg0NWJjMzI0MGZlODlkNjc0ODM5MGMyMDBhNyIsInVzZXJfaWQiOjExfQ.6v7lQ4Y-3BCWQW3znAMiyh9fPG9s4P6u-m_4DwZxTZU",
    "created_at": "2025-05-19T14:03:23.873Z",
    "expires_at": "2025-05-20T14:03:23Z"
  }
},
{
  "model": "token_blacklist.outstandingtoken",
  "pk": 237,
  "fields": {
    "user": 11,
    "jti": "9c2480b01bca4836b280a841dc97c807",
    "token": "eyJhbGciOiJIUzI1NiIsInR5cCI6IkpXVCJ9.eyJ0b2tlbl90eXBlIjoicmVmcmVzaCIsImV4cCI6MTc0Nzc1MDEzOSwiaWF0IjoxNzQ3NjYzNzM5LCJqdGkiOiI5YzI0ODBiMDFiY2E0ODM2YjI4MGE4NDFkYzk3YzgwNyIsInVzZXJfaWQiOjExfQ.R4U8noPHGsbjTWixGbJdaftfwJTOfIBeCMrOgKlvvCQ",
    "created_at": "2025-05-19T14:08:59.947Z",
    "expires_at": "2025-05-20T14:08:59Z"
  }
},
{
  "model": "token_blacklist.outstandingtoken",
  "pk": 238,
  "fields": {
    "user": 10,
    "jti": "ded2e820d5054e00a2da2c32ac607127",
    "token": "eyJhbGciOiJIUzI1NiIsInR5cCI6IkpXVCJ9.eyJ0b2tlbl90eXBlIjoicmVmcmVzaCIsImV4cCI6MTc0Nzc1MDc3NiwiaWF0IjoxNzQ3NjY0Mzc2LCJqdGkiOiJkZWQyZTgyMGQ1MDU0ZTAwYTJkYTJjMzJhYzYwNzEyNyIsInVzZXJfaWQiOjEwfQ.ca0poS5l36-33CgDpRZTI0cmnSrhUev0jdBOJYCaKXI",
    "created_at": "2025-05-19T14:19:36.399Z",
    "expires_at": "2025-05-20T14:19:36Z"
  }
},
{
  "model": "token_blacklist.outstandingtoken",
  "pk": 239,
  "fields": {
    "user": 1,
    "jti": "179f7849aaed4f8281b0bc3ba108a58a",
    "token": "eyJhbGciOiJIUzI1NiIsInR5cCI6IkpXVCJ9.eyJ0b2tlbl90eXBlIjoicmVmcmVzaCIsImV4cCI6MTc1MDI4MTIxMiwiaWF0IjoxNzQ3Njg5MjEyLCJqdGkiOiIxNzlmNzg0OWFhZWQ0ZjgyODFiMGJjM2JhMTA4YTU4YSIsInVzZXJfaWQiOjF9.udY6TX9frqBoaJH0PCu1loA5EjF2Wric1Rex4FLIHmk",
    "created_at": "2025-05-19T21:13:32.411Z",
    "expires_at": "2025-06-18T21:13:32Z"
  }
},
{
  "model": "token_blacklist.outstandingtoken",
  "pk": 240,
  "fields": {
    "user": 1,
    "jti": "d2a1b779f69b4ac08d6a5dd8c7f45df3",
    "token": "eyJhbGciOiJIUzI1NiIsInR5cCI6IkpXVCJ9.eyJ0b2tlbl90eXBlIjoicmVmcmVzaCIsImV4cCI6MTc1MDMxNDYyMCwiaWF0IjoxNzQ3NzIyNjIwLCJqdGkiOiJkMmExYjc3OWY2OWI0YWMwOGQ2YTVkZDhjN2Y0NWRmMyIsInVzZXJfaWQiOjF9.1ZfeWURVEuXjKC2CLkrHfc9UrsugpUIcXnHq4_Njg3M",
    "created_at": "2025-05-20T06:30:20.354Z",
    "expires_at": "2025-06-19T06:30:20Z"
  }
},
{
  "model": "token_blacklist.outstandingtoken",
  "pk": 241,
  "fields": {
    "user": 24,
    "jti": "141a842ea1604315877ab60834f6b779",
    "token": "eyJhbGciOiJIUzI1NiIsInR5cCI6IkpXVCJ9.eyJ0b2tlbl90eXBlIjoicmVmcmVzaCIsImV4cCI6MTc1MDMxNDczNiwiaWF0IjoxNzQ3NzIyNzM2LCJqdGkiOiIxNDFhODQyZWExNjA0MzE1ODc3YWI2MDgzNGY2Yjc3OSIsInVzZXJfaWQiOjI0fQ.kWdoYSIagmVejebtA7x0e7gUX5fdgupezHa83Dv-PHU",
    "created_at": "2025-05-20T06:32:16.575Z",
    "expires_at": "2025-06-19T06:32:16Z"
  }
},
{
  "model": "token_blacklist.outstandingtoken",
  "pk": 242,
  "fields": {
    "user": 20,
    "jti": "38c2e8f215a94f8e89c7ee699fcdfa25",
    "token": "eyJhbGciOiJIUzI1NiIsInR5cCI6IkpXVCJ9.eyJ0b2tlbl90eXBlIjoicmVmcmVzaCIsImV4cCI6MTc1MDMyMTA2MiwiaWF0IjoxNzQ3NzI5MDYyLCJqdGkiOiIzOGMyZThmMjE1YTk0ZjhlODljN2VlNjk5ZmNkZmEyNSIsInVzZXJfaWQiOjIwfQ._L56W9ou5c7A5GdaxeTzg1rtVVr8BmaMt_2qYc7pw-0",
    "created_at": "2025-05-20T08:17:42.894Z",
    "expires_at": "2025-06-19T08:17:42Z"
  }
},
{
  "model": "token_blacklist.outstandingtoken",
  "pk": 243,
  "fields": {
    "user": 20,
    "jti": "d8e96a1a00344f318a6553719e354e3d",
    "token": "eyJhbGciOiJIUzI1NiIsInR5cCI6IkpXVCJ9.eyJ0b2tlbl90eXBlIjoicmVmcmVzaCIsImV4cCI6MTc1MDMyMTEzNCwiaWF0IjoxNzQ3NzI5MTM0LCJqdGkiOiJkOGU5NmExYTAwMzQ0ZjMxOGE2NTUzNzE5ZTM1NGUzZCIsInVzZXJfaWQiOjIwfQ.n_ExZQVhLZadwvjkAS-U0TFIpv6OxGU5Sxcog31eh68",
    "created_at": "2025-05-20T08:18:54.823Z",
    "expires_at": "2025-06-19T08:18:54Z"
  }
},
{
  "model": "token_blacklist.outstandingtoken",
  "pk": 244,
  "fields": {
    "user": 11,
    "jti": "6b5df8b8f5934325996b79dea8c46e61",
    "token": "eyJhbGciOiJIUzI1NiIsInR5cCI6IkpXVCJ9.eyJ0b2tlbl90eXBlIjoicmVmcmVzaCIsImV4cCI6MTc1MDMyMTIzOCwiaWF0IjoxNzQ3NzI5MjM4LCJqdGkiOiI2YjVkZjhiOGY1OTM0MzI1OTk2Yjc5ZGVhOGM0NmU2MSIsInVzZXJfaWQiOjExfQ.zK7WOkJew8Ye6MJ7kn35xDBjjwkuf-bBsX_rWL4jguQ",
    "created_at": "2025-05-20T08:20:38.516Z",
    "expires_at": "2025-06-19T08:20:38Z"
  }
},
{
  "model": "token_blacklist.outstandingtoken",
  "pk": 245,
  "fields": {
    "user": 11,
    "jti": "876400b781864553afb173a456e551ee",
    "token": "eyJhbGciOiJIUzI1NiIsInR5cCI6IkpXVCJ9.eyJ0b2tlbl90eXBlIjoicmVmcmVzaCIsImV4cCI6MTc1MDMyNTIyMSwiaWF0IjoxNzQ3NzMzMjIxLCJqdGkiOiI4NzY0MDBiNzgxODY0NTUzYWZiMTczYTQ1NmU1NTFlZSIsInVzZXJfaWQiOjExfQ.CCWgupl0b6Zi5Ru9f-6UsmHClB63yFGARJGhrQiZGf0",
    "created_at": "2025-05-20T09:27:01.390Z",
    "expires_at": "2025-06-19T09:27:01Z"
  }
},
{
  "model": "token_blacklist.outstandingtoken",
  "pk": 246,
  "fields": {
    "user": 11,
    "jti": "1b2fbc320cb94f2787fe3c247abeec1c",
    "token": "eyJhbGciOiJIUzI1NiIsInR5cCI6IkpXVCJ9.eyJ0b2tlbl90eXBlIjoicmVmcmVzaCIsImV4cCI6MTc1MDMzNzQ0NywiaWF0IjoxNzQ3NzQ1NDQ3LCJqdGkiOiIxYjJmYmMzMjBjYjk0ZjI3ODdmZTNjMjQ3YWJlZWMxYyIsInVzZXJfaWQiOjExfQ.-2RaqtrEQLdhfV4qOXrr8mH2HGeOakPxvoj1onEe9lU",
    "created_at": "2025-05-20T12:50:47.511Z",
    "expires_at": "2025-06-19T12:50:47Z"
  }
},
{
  "model": "token_blacklist.outstandingtoken",
  "pk": 247,
  "fields": {
    "user": 11,
    "jti": "26c6d9120fb04feea328200e7a4d9aad",
    "token": "eyJhbGciOiJIUzI1NiIsInR5cCI6IkpXVCJ9.eyJ0b2tlbl90eXBlIjoicmVmcmVzaCIsImV4cCI6MTc1MDUwMzQ2MywiaWF0IjoxNzQ3OTExNDYzLCJqdGkiOiIyNmM2ZDkxMjBmYjA0ZmVlYTMyODIwMGU3YTRkOWFhZCIsInVzZXJfaWQiOjExfQ.LNBBD78vFouvA79QkcpY5ZvoomShmoEpaLQTzU_koAY",
    "created_at": "2025-05-22T10:57:43.940Z",
    "expires_at": "2025-06-21T10:57:43Z"
  }
},
{
  "model": "token_blacklist.outstandingtoken",
  "pk": 248,
  "fields": {
    "user": 11,
    "jti": "debc59055fd84d1194a5c81da4f1d515",
    "token": "eyJhbGciOiJIUzI1NiIsInR5cCI6IkpXVCJ9.eyJ0b2tlbl90eXBlIjoicmVmcmVzaCIsImV4cCI6MTc1MDUwNjk5OSwiaWF0IjoxNzQ3OTE0OTk5LCJqdGkiOiJkZWJjNTkwNTVmZDg0ZDExOTRhNWM4MWRhNGYxZDUxNSIsInVzZXJfaWQiOjExfQ.hFn5QvHZ2xfpAp9Nr6eOfn29HzoRTugu4wYT-x2-15w",
    "created_at": "2025-05-22T11:56:39.961Z",
    "expires_at": "2025-06-21T11:56:39Z"
  }
},
{
  "model": "token_blacklist.outstandingtoken",
  "pk": 249,
  "fields": {
    "user": 11,
    "jti": "7e71e9941a9f4939b60d3bcdd71ff05a",
    "token": "eyJhbGciOiJIUzI1NiIsInR5cCI6IkpXVCJ9.eyJ0b2tlbl90eXBlIjoicmVmcmVzaCIsImV4cCI6MTc1MDU3ODAxNSwiaWF0IjoxNzQ3OTg2MDE1LCJqdGkiOiI3ZTcxZTk5NDFhOWY0OTM5YjYwZDNiY2RkNzFmZjA1YSIsInVzZXJfaWQiOjExfQ.hfMRtYb6hHIxYex_YPZbHc9JrVkekO8VhNEpjsrLxHE",
    "created_at": "2025-05-23T07:40:15.786Z",
    "expires_at": "2025-06-22T07:40:15Z"
  }
},
{
  "model": "token_blacklist.outstandingtoken",
  "pk": 250,
  "fields": {
    "user": 1,
    "jti": "6fc3bb4d6dc54566a9f52417503439a0",
    "token": "eyJhbGciOiJIUzI1NiIsInR5cCI6IkpXVCJ9.eyJ0b2tlbl90eXBlIjoicmVmcmVzaCIsImV4cCI6MTc1MDU3ODc4OCwiaWF0IjoxNzQ3OTg2Nzg4LCJqdGkiOiI2ZmMzYmI0ZDZkYzU0NTY2YTlmNTI0MTc1MDM0MzlhMCIsInVzZXJfaWQiOjF9.ap6t0hTPSwN_QSy0akG-IkGFy0_3Rj5NFkiJj1AZ5C4",
    "created_at": "2025-05-23T07:53:08.738Z",
    "expires_at": "2025-06-22T07:53:08Z"
  }
},
{
  "model": "token_blacklist.outstandingtoken",
  "pk": 251,
  "fields": {
    "user": 10,
    "jti": "63ce37d3fc5c41a693ee8e5f53df4ce6",
    "token": "eyJhbGciOiJIUzI1NiIsInR5cCI6IkpXVCJ9.eyJ0b2tlbl90eXBlIjoicmVmcmVzaCIsImV4cCI6MTc1MDU4MTMxNiwiaWF0IjoxNzQ3OTg5MzE2LCJqdGkiOiI2M2NlMzdkM2ZjNWM0MWE2OTNlZThlNWY1M2RmNGNlNiIsInVzZXJfaWQiOjEwfQ.pLzUd6iRL8gBmYwMEppdQ6FQc1l5jXWNQHv40aRTqvM",
    "created_at": "2025-05-23T08:35:16.685Z",
    "expires_at": "2025-06-22T08:35:16Z"
  }
},
{
  "model": "token_blacklist.outstandingtoken",
  "pk": 252,
  "fields": {
    "user": 11,
    "jti": "e01d1315e569424ca8d5aec0f3c91cd1",
    "token": "eyJhbGciOiJIUzI1NiIsInR5cCI6IkpXVCJ9.eyJ0b2tlbl90eXBlIjoicmVmcmVzaCIsImV4cCI6MTc1MDU4Mjg3MCwiaWF0IjoxNzQ3OTkwODcwLCJqdGkiOiJlMDFkMTMxNWU1Njk0MjRjYThkNWFlYzBmM2M5MWNkMSIsInVzZXJfaWQiOjExfQ.b1KmIApNhVSLPgJtPbRCwr6w4cUvbldwpKLMCScIeT0",
    "created_at": "2025-05-23T09:01:10.562Z",
    "expires_at": "2025-06-22T09:01:10Z"
  }
},
{
  "model": "token_blacklist.outstandingtoken",
  "pk": 253,
  "fields": {
    "user": 11,
    "jti": "7daa3a6ce3b44ffea3ded54747682438",
    "token": "eyJhbGciOiJIUzI1NiIsInR5cCI6IkpXVCJ9.eyJ0b2tlbl90eXBlIjoicmVmcmVzaCIsImV4cCI6MTc1MDY4Mjc0NiwiaWF0IjoxNzQ4MDkwNzQ2LCJqdGkiOiI3ZGFhM2E2Y2UzYjQ0ZmZlYTNkZWQ1NDc0NzY4MjQzOCIsInVzZXJfaWQiOjExfQ.RHtepMZDwYDCQdlfUiSe6cgsyajAb7o1d686ZwyU_6o",
    "created_at": "2025-05-24T12:45:46.310Z",
    "expires_at": "2025-06-23T12:45:46Z"
  }
},
{
  "model": "token_blacklist.outstandingtoken",
  "pk": 254,
  "fields": {
    "user": 10,
    "jti": "a359a52183304571b15f80e36c0d1178",
    "token": "eyJhbGciOiJIUzI1NiIsInR5cCI6IkpXVCJ9.eyJ0b2tlbl90eXBlIjoicmVmcmVzaCIsImV4cCI6MTc1MDY4Mjc5MiwiaWF0IjoxNzQ4MDkwNzkyLCJqdGkiOiJhMzU5YTUyMTgzMzA0NTcxYjE1ZjgwZTM2YzBkMTE3OCIsInVzZXJfaWQiOjEwfQ.krIS0ZdNYDgRWXZNwEhTmdlmvneoShJR1YPWecWCzmY",
    "created_at": "2025-05-24T12:46:32.513Z",
    "expires_at": "2025-06-23T12:46:32Z"
  }
},
{
  "model": "token_blacklist.outstandingtoken",
  "pk": 255,
  "fields": {
    "user": 11,
    "jti": "be651e95c9784e07a1b4a84c7d50aa73",
    "token": "eyJhbGciOiJIUzI1NiIsInR5cCI6IkpXVCJ9.eyJ0b2tlbl90eXBlIjoicmVmcmVzaCIsImV4cCI6MTc1MDY4Mjg0MiwiaWF0IjoxNzQ4MDkwODQyLCJqdGkiOiJiZTY1MWU5NWM5Nzg0ZTA3YTFiNGE4NGM3ZDUwYWE3MyIsInVzZXJfaWQiOjExfQ.NzlmgdGpHsrZcpirQU8mZc4NGFsNvpBubPcO60ssaIE",
    "created_at": "2025-05-24T12:47:22.999Z",
    "expires_at": "2025-06-23T12:47:22Z"
  }
},
{
  "model": "token_blacklist.blacklistedtoken",
  "pk": 1,
  "fields": {
    "token": 8,
    "blacklisted_at": "2025-04-30T10:30:49.115Z"
  }
},
{
  "model": "token_blacklist.blacklistedtoken",
  "pk": 2,
  "fields": {
    "token": 9,
    "blacklisted_at": "2025-04-30T10:40:09.210Z"
  }
},
{
  "model": "token_blacklist.blacklistedtoken",
  "pk": 3,
  "fields": {
    "token": 10,
    "blacklisted_at": "2025-04-30T10:41:41.828Z"
  }
},
{
  "model": "token_blacklist.blacklistedtoken",
  "pk": 4,
  "fields": {
    "token": 11,
    "blacklisted_at": "2025-04-30T10:42:06.902Z"
  }
},
{
  "model": "token_blacklist.blacklistedtoken",
  "pk": 5,
  "fields": {
    "token": 12,
    "blacklisted_at": "2025-04-30T10:44:21.795Z"
  }
},
{
  "model": "token_blacklist.blacklistedtoken",
  "pk": 6,
  "fields": {
    "token": 13,
    "blacklisted_at": "2025-04-30T10:45:02.590Z"
  }
},
{
  "model": "token_blacklist.blacklistedtoken",
  "pk": 7,
  "fields": {
    "token": 14,
    "blacklisted_at": "2025-04-30T10:45:51.543Z"
  }
},
{
  "model": "token_blacklist.blacklistedtoken",
  "pk": 8,
  "fields": {
    "token": 15,
    "blacklisted_at": "2025-04-30T10:47:29.327Z"
  }
},
{
  "model": "token_blacklist.blacklistedtoken",
  "pk": 9,
  "fields": {
    "token": 16,
    "blacklisted_at": "2025-04-30T11:34:01.166Z"
  }
},
{
  "model": "token_blacklist.blacklistedtoken",
  "pk": 10,
  "fields": {
    "token": 17,
    "blacklisted_at": "2025-04-30T11:35:45.998Z"
  }
},
{
  "model": "token_blacklist.blacklistedtoken",
  "pk": 11,
  "fields": {
    "token": 18,
    "blacklisted_at": "2025-04-30T11:36:48.256Z"
  }
},
{
  "model": "token_blacklist.blacklistedtoken",
  "pk": 12,
  "fields": {
    "token": 19,
    "blacklisted_at": "2025-04-30T12:03:36.941Z"
  }
},
{
  "model": "token_blacklist.blacklistedtoken",
  "pk": 13,
  "fields": {
    "token": 20,
    "blacklisted_at": "2025-04-30T12:05:31.261Z"
  }
},
{
  "model": "token_blacklist.blacklistedtoken",
  "pk": 14,
  "fields": {
    "token": 21,
    "blacklisted_at": "2025-04-30T12:06:38.150Z"
  }
},
{
  "model": "token_blacklist.blacklistedtoken",
  "pk": 15,
  "fields": {
    "token": 22,
    "blacklisted_at": "2025-04-30T12:19:15.986Z"
  }
},
{
  "model": "token_blacklist.blacklistedtoken",
  "pk": 16,
  "fields": {
    "token": 23,
    "blacklisted_at": "2025-04-30T12:20:54.158Z"
  }
},
{
  "model": "token_blacklist.blacklistedtoken",
  "pk": 17,
  "fields": {
    "token": 24,
    "blacklisted_at": "2025-04-30T12:22:07.423Z"
  }
},
{
  "model": "token_blacklist.blacklistedtoken",
  "pk": 18,
  "fields": {
    "token": 25,
    "blacklisted_at": "2025-04-30T12:22:55.241Z"
  }
},
{
  "model": "token_blacklist.blacklistedtoken",
  "pk": 19,
  "fields": {
    "token": 31,
    "blacklisted_at": "2025-05-01T09:03:00.824Z"
  }
},
{
  "model": "token_blacklist.blacklistedtoken",
  "pk": 20,
  "fields": {
    "token": 33,
    "blacklisted_at": "2025-05-01T09:31:17.714Z"
  }
},
{
  "model": "token_blacklist.blacklistedtoken",
  "pk": 21,
  "fields": {
    "token": 34,
    "blacklisted_at": "2025-05-01T09:33:07.416Z"
  }
},
{
  "model": "token_blacklist.blacklistedtoken",
  "pk": 22,
  "fields": {
    "token": 35,
    "blacklisted_at": "2025-05-01T09:34:35.995Z"
  }
},
{
  "model": "token_blacklist.blacklistedtoken",
  "pk": 23,
  "fields": {
    "token": 38,
    "blacklisted_at": "2025-05-01T14:00:49.405Z"
  }
},
{
  "model": "token_blacklist.blacklistedtoken",
  "pk": 24,
  "fields": {
    "token": 44,
    "blacklisted_at": "2025-05-01T14:06:52.552Z"
  }
},
{
  "model": "token_blacklist.blacklistedtoken",
  "pk": 25,
  "fields": {
    "token": 49,
    "blacklisted_at": "2025-05-01T14:17:15.272Z"
  }
},
{
  "model": "token_blacklist.blacklistedtoken",
  "pk": 26,
  "fields": {
    "token": 51,
    "blacklisted_at": "2025-05-01T14:32:08.430Z"
  }
},
{
  "model": "token_blacklist.blacklistedtoken",
  "pk": 27,
  "fields": {
    "token": 53,
    "blacklisted_at": "2025-05-01T14:33:58.412Z"
  }
},
{
  "model": "token_blacklist.blacklistedtoken",
  "pk": 28,
  "fields": {
    "token": 54,
    "blacklisted_at": "2025-05-01T14:35:40.330Z"
  }
},
{
  "model": "token_blacklist.blacklistedtoken",
  "pk": 29,
  "fields": {
    "token": 57,
    "blacklisted_at": "2025-05-01T15:27:54.334Z"
  }
},
{
  "model": "token_blacklist.blacklistedtoken",
  "pk": 30,
  "fields": {
    "token": 58,
    "blacklisted_at": "2025-05-01T15:30:00.824Z"
  }
},
{
  "model": "token_blacklist.blacklistedtoken",
  "pk": 31,
  "fields": {
    "token": 61,
    "blacklisted_at": "2025-05-04T12:55:12.816Z"
  }
},
{
  "model": "token_blacklist.blacklistedtoken",
  "pk": 32,
  "fields": {
    "token": 62,
    "blacklisted_at": "2025-05-04T13:12:22.089Z"
  }
},
{
  "model": "token_blacklist.blacklistedtoken",
  "pk": 33,
  "fields": {
    "token": 66,
    "blacklisted_at": "2025-05-06T12:34:34.051Z"
  }
},
{
  "model": "token_blacklist.blacklistedtoken",
  "pk": 35,
  "fields": {
    "token": 67,
    "blacklisted_at": "2025-05-06T12:37:59.519Z"
  }
},
{
  "model": "token_blacklist.blacklistedtoken",
  "pk": 37,
  "fields": {
    "token": 68,
    "blacklisted_at": "2025-05-06T12:56:17.770Z"
  }
},
{
  "model": "token_blacklist.blacklistedtoken",
  "pk": 41,
  "fields": {
    "token": 69,
    "blacklisted_at": "2025-05-06T23:28:11.820Z"
  }
},
{
  "model": "token_blacklist.blacklistedtoken",
  "pk": 42,
  "fields": {
    "token": 70,
    "blacklisted_at": "2025-05-06T23:28:55.033Z"
  }
},
{
  "model": "token_blacklist.blacklistedtoken",
  "pk": 43,
  "fields": {
    "token": 71,
    "blacklisted_at": "2025-05-06T23:34:06.411Z"
  }
},
{
  "model": "token_blacklist.blacklistedtoken",
  "pk": 44,
  "fields": {
    "token": 72,
    "blacklisted_at": "2025-05-06T23:34:31.499Z"
  }
},
{
  "model": "token_blacklist.blacklistedtoken",
  "pk": 45,
  "fields": {
    "token": 73,
    "blacklisted_at": "2025-05-06T23:36:20.983Z"
  }
},
{
  "model": "token_blacklist.blacklistedtoken",
  "pk": 46,
  "fields": {
    "token": 74,
    "blacklisted_at": "2025-05-06T23:39:32.499Z"
  }
},
{
  "model": "token_blacklist.blacklistedtoken",
  "pk": 47,
  "fields": {
    "token": 76,
    "blacklisted_at": "2025-05-07T08:24:17.931Z"
  }
},
{
  "model": "token_blacklist.blacklistedtoken",
  "pk": 48,
  "fields": {
    "token": 77,
    "blacklisted_at": "2025-05-07T08:27:48.959Z"
  }
},
{
  "model": "token_blacklist.blacklistedtoken",
  "pk": 49,
  "fields": {
    "token": 78,
    "blacklisted_at": "2025-05-07T08:29:09.394Z"
  }
},
{
  "model": "token_blacklist.blacklistedtoken",
  "pk": 50,
  "fields": {
    "token": 79,
    "blacklisted_at": "2025-05-07T08:33:36.963Z"
  }
},
{
  "model": "token_blacklist.blacklistedtoken",
  "pk": 51,
  "fields": {
    "token": 81,
    "blacklisted_at": "2025-05-07T08:56:04.763Z"
  }
},
{
  "model": "token_blacklist.blacklistedtoken",
  "pk": 52,
  "fields": {
    "token": 82,
    "blacklisted_at": "2025-05-07T08:58:55.771Z"
  }
},
{
  "model": "token_blacklist.blacklistedtoken",
  "pk": 53,
  "fields": {
    "token": 80,
    "blacklisted_at": "2025-05-07T09:04:53.932Z"
  }
},
{
  "model": "token_blacklist.blacklistedtoken",
  "pk": 54,
  "fields": {
    "token": 83,
    "blacklisted_at": "2025-05-07T09:07:58.379Z"
  }
},
{
  "model": "token_blacklist.blacklistedtoken",
  "pk": 55,
  "fields": {
    "token": 84,
    "blacklisted_at": "2025-05-07T09:10:39.711Z"
  }
},
{
  "model": "token_blacklist.blacklistedtoken",
  "pk": 56,
  "fields": {
    "token": 86,
    "blacklisted_at": "2025-05-07T09:19:45.772Z"
  }
},
{
  "model": "token_blacklist.blacklistedtoken",
  "pk": 57,
  "fields": {
    "token": 87,
    "blacklisted_at": "2025-05-07T09:23:05.499Z"
  }
},
{
  "model": "token_blacklist.blacklistedtoken",
  "pk": 58,
  "fields": {
    "token": 88,
    "blacklisted_at": "2025-05-07T09:29:46.495Z"
  }
},
{
  "model": "token_blacklist.blacklistedtoken",
  "pk": 59,
  "fields": {
    "token": 85,
    "blacklisted_at": "2025-05-07T09:34:40.509Z"
  }
},
{
  "model": "token_blacklist.blacklistedtoken",
  "pk": 60,
  "fields": {
    "token": 89,
    "blacklisted_at": "2025-05-07T09:35:16.254Z"
  }
},
{
  "model": "token_blacklist.blacklistedtoken",
  "pk": 61,
  "fields": {
    "token": 90,
    "blacklisted_at": "2025-05-07T09:38:11.355Z"
  }
},
{
  "model": "token_blacklist.blacklistedtoken",
  "pk": 62,
  "fields": {
    "token": 92,
    "blacklisted_at": "2025-05-07T09:38:45.966Z"
  }
},
{
  "model": "token_blacklist.blacklistedtoken",
  "pk": 63,
  "fields": {
    "token": 91,
    "blacklisted_at": "2025-05-07T09:43:15.401Z"
  }
},
{
  "model": "token_blacklist.blacklistedtoken",
  "pk": 64,
  "fields": {
    "token": 94,
    "blacklisted_at": "2025-05-07T10:00:53.378Z"
  }
},
{
  "model": "token_blacklist.blacklistedtoken",
  "pk": 65,
  "fields": {
    "token": 95,
    "blacklisted_at": "2025-05-07T10:03:59.297Z"
  }
},
{
  "model": "token_blacklist.blacklistedtoken",
  "pk": 66,
  "fields": {
    "token": 96,
    "blacklisted_at": "2025-05-07T10:04:58.492Z"
  }
},
{
  "model": "token_blacklist.blacklistedtoken",
  "pk": 67,
  "fields": {
    "token": 98,
    "blacklisted_at": "2025-05-07T10:12:02.461Z"
  }
},
{
  "model": "token_blacklist.blacklistedtoken",
  "pk": 68,
  "fields": {
    "token": 99,
    "blacklisted_at": "2025-05-07T10:33:07.936Z"
  }
},
{
  "model": "token_blacklist.blacklistedtoken",
  "pk": 69,
  "fields": {
    "token": 100,
    "blacklisted_at": "2025-05-07T10:35:14.053Z"
  }
},
{
  "model": "token_blacklist.blacklistedtoken",
  "pk": 70,
  "fields": {
    "token": 102,
    "blacklisted_at": "2025-05-09T23:20:24.487Z"
  }
},
{
  "model": "token_blacklist.blacklistedtoken",
  "pk": 71,
  "fields": {
    "token": 103,
    "blacklisted_at": "2025-05-09T23:22:37.733Z"
  }
},
{
  "model": "token_blacklist.blacklistedtoken",
  "pk": 72,
  "fields": {
    "token": 104,
    "blacklisted_at": "2025-05-09T23:24:04.447Z"
  }
},
{
  "model": "token_blacklist.blacklistedtoken",
  "pk": 73,
  "fields": {
    "token": 105,
    "blacklisted_at": "2025-05-10T08:39:06.590Z"
  }
},
{
  "model": "token_blacklist.blacklistedtoken",
  "pk": 74,
  "fields": {
    "token": 106,
    "blacklisted_at": "2025-05-10T09:33:12.427Z"
  }
},
{
  "model": "token_blacklist.blacklistedtoken",
  "pk": 76,
  "fields": {
    "token": 107,
    "blacklisted_at": "2025-05-10T10:14:24.917Z"
  }
},
{
  "model": "token_blacklist.blacklistedtoken",
  "pk": 77,
  "fields": {
    "token": 109,
    "blacklisted_at": "2025-05-10T10:18:13.037Z"
  }
},
{
  "model": "token_blacklist.blacklistedtoken",
  "pk": 78,
  "fields": {
    "token": 110,
    "blacklisted_at": "2025-05-10T10:18:56.472Z"
  }
},
{
  "model": "token_blacklist.blacklistedtoken",
  "pk": 79,
  "fields": {
    "token": 111,
    "blacklisted_at": "2025-05-10T10:57:45.998Z"
  }
},
{
  "model": "token_blacklist.blacklistedtoken",
  "pk": 80,
  "fields": {
    "token": 108,
    "blacklisted_at": "2025-05-10T16:39:06.170Z"
  }
},
{
  "model": "token_blacklist.blacklistedtoken",
  "pk": 81,
  "fields": {
    "token": 113,
    "blacklisted_at": "2025-05-10T16:49:35.934Z"
  }
},
{
  "model": "token_blacklist.blacklistedtoken",
  "pk": 82,
  "fields": {
    "token": 115,
    "blacklisted_at": "2025-05-10T17:01:56.581Z"
  }
},
{
  "model": "token_blacklist.blacklistedtoken",
  "pk": 83,
  "fields": {
    "token": 116,
    "blacklisted_at": "2025-05-10T17:04:53.662Z"
  }
},
{
  "model": "token_blacklist.blacklistedtoken",
  "pk": 84,
  "fields": {
    "token": 117,
    "blacklisted_at": "2025-05-10T17:08:43.878Z"
  }
},
{
  "model": "token_blacklist.blacklistedtoken",
  "pk": 85,
  "fields": {
    "token": 118,
    "blacklisted_at": "2025-05-10T17:17:14.594Z"
  }
},
{
  "model": "token_blacklist.blacklistedtoken",
  "pk": 86,
  "fields": {
    "token": 119,
    "blacklisted_at": "2025-05-10T17:20:09.202Z"
  }
},
{
  "model": "token_blacklist.blacklistedtoken",
  "pk": 87,
  "fields": {
    "token": 120,
    "blacklisted_at": "2025-05-10T17:23:38.430Z"
  }
},
{
  "model": "token_blacklist.blacklistedtoken",
  "pk": 88,
  "fields": {
    "token": 114,
    "blacklisted_at": "2025-05-10T18:14:01.542Z"
  }
},
{
  "model": "token_blacklist.blacklistedtoken",
  "pk": 89,
  "fields": {
    "token": 121,
    "blacklisted_at": "2025-05-10T19:09:11.492Z"
  }
},
{
  "model": "token_blacklist.blacklistedtoken",
  "pk": 90,
  "fields": {
    "token": 122,
    "blacklisted_at": "2025-05-10T19:18:33.831Z"
  }
},
{
  "model": "token_blacklist.blacklistedtoken",
  "pk": 91,
  "fields": {
    "token": 124,
    "blacklisted_at": "2025-05-10T19:44:11.131Z"
  }
},
{
  "model": "token_blacklist.blacklistedtoken",
  "pk": 92,
  "fields": {
    "token": 123,
    "blacklisted_at": "2025-05-10T19:49:02.325Z"
  }
},
{
  "model": "token_blacklist.blacklistedtoken",
  "pk": 93,
  "fields": {
    "token": 125,
    "blacklisted_at": "2025-05-10T19:56:20.026Z"
  }
},
{
  "model": "token_blacklist.blacklistedtoken",
  "pk": 94,
  "fields": {
    "token": 126,
    "blacklisted_at": "2025-05-10T21:21:32.325Z"
  }
},
{
  "model": "token_blacklist.blacklistedtoken",
  "pk": 95,
  "fields": {
    "token": 127,
    "blacklisted_at": "2025-05-10T21:22:20.987Z"
  }
},
{
  "model": "token_blacklist.blacklistedtoken",
  "pk": 96,
  "fields": {
    "token": 133,
    "blacklisted_at": "2025-05-11T17:23:41.344Z"
  }
},
{
  "model": "token_blacklist.blacklistedtoken",
  "pk": 97,
  "fields": {
    "token": 134,
    "blacklisted_at": "2025-05-11T17:34:43.414Z"
  }
},
{
  "model": "token_blacklist.blacklistedtoken",
  "pk": 98,
  "fields": {
    "token": 136,
    "blacklisted_at": "2025-05-11T17:59:00.148Z"
  }
},
{
  "model": "token_blacklist.blacklistedtoken",
  "pk": 100,
  "fields": {
    "token": 139,
    "blacklisted_at": "2025-05-12T05:28:06.508Z"
  }
},
{
  "model": "token_blacklist.blacklistedtoken",
  "pk": 101,
  "fields": {
    "token": 142,
    "blacklisted_at": "2025-05-12T10:15:55.666Z"
  }
},
{
  "model": "token_blacklist.blacklistedtoken",
  "pk": 102,
  "fields": {
    "token": 145,
    "blacklisted_at": "2025-05-12T10:25:24.071Z"
  }
},
{
  "model": "token_blacklist.blacklistedtoken",
  "pk": 103,
  "fields": {
    "token": 146,
    "blacklisted_at": "2025-05-12T10:30:25.171Z"
  }
},
{
  "model": "token_blacklist.blacklistedtoken",
  "pk": 104,
  "fields": {
    "token": 147,
    "blacklisted_at": "2025-05-12T10:36:15.485Z"
  }
},
{
  "model": "token_blacklist.blacklistedtoken",
  "pk": 105,
  "fields": {
    "token": 149,
    "blacklisted_at": "2025-05-12T17:52:36.414Z"
  }
},
{
  "model": "token_blacklist.blacklistedtoken",
  "pk": 106,
  "fields": {
    "token": 150,
    "blacklisted_at": "2025-05-12T18:13:04Z"
  }
},
{
  "model": "token_blacklist.blacklistedtoken",
  "pk": 107,
  "fields": {
    "token": 155,
    "blacklisted_at": "2025-05-12T19:03:53.798Z"
  }
},
{
  "model": "token_blacklist.blacklistedtoken",
  "pk": 108,
  "fields": {
    "token": 153,
    "blacklisted_at": "2025-05-12T21:10:21.645Z"
  }
},
{
  "model": "token_blacklist.blacklistedtoken",
  "pk": 109,
  "fields": {
    "token": 160,
    "blacklisted_at": "2025-05-13T06:29:36.415Z"
  }
},
{
  "model": "token_blacklist.blacklistedtoken",
  "pk": 110,
  "fields": {
    "token": 161,
    "blacklisted_at": "2025-05-13T06:43:50.837Z"
  }
},
{
  "model": "token_blacklist.blacklistedtoken",
  "pk": 111,
  "fields": {
    "token": 162,
    "blacklisted_at": "2025-05-13T06:52:19.299Z"
  }
},
{
  "model": "token_blacklist.blacklistedtoken",
  "pk": 112,
  "fields": {
    "token": 163,
    "blacklisted_at": "2025-05-13T06:53:15.445Z"
  }
},
{
  "model": "token_blacklist.blacklistedtoken",
  "pk": 113,
  "fields": {
    "token": 158,
    "blacklisted_at": "2025-05-13T07:10:03.085Z"
  }
},
{
  "model": "token_blacklist.blacklistedtoken",
  "pk": 114,
  "fields": {
    "token": 165,
    "blacklisted_at": "2025-05-13T07:19:58.044Z"
  }
},
{
  "model": "token_blacklist.blacklistedtoken",
  "pk": 115,
  "fields": {
    "token": 166,
    "blacklisted_at": "2025-05-13T07:25:32.895Z"
  }
},
{
  "model": "token_blacklist.blacklistedtoken",
  "pk": 116,
  "fields": {
    "token": 167,
    "blacklisted_at": "2025-05-13T07:28:03.051Z"
  }
},
{
  "model": "token_blacklist.blacklistedtoken",
  "pk": 117,
  "fields": {
    "token": 168,
    "blacklisted_at": "2025-05-13T07:37:56.504Z"
  }
},
{
  "model": "token_blacklist.blacklistedtoken",
  "pk": 118,
  "fields": {
    "token": 170,
    "blacklisted_at": "2025-05-13T07:38:55.560Z"
  }
},
{
  "model": "token_blacklist.blacklistedtoken",
  "pk": 119,
  "fields": {
    "token": 171,
    "blacklisted_at": "2025-05-13T07:39:52.272Z"
  }
},
{
  "model": "token_blacklist.blacklistedtoken",
  "pk": 120,
  "fields": {
    "token": 172,
    "blacklisted_at": "2025-05-13T07:42:21.283Z"
  }
},
{
  "model": "token_blacklist.blacklistedtoken",
  "pk": 121,
  "fields": {
    "token": 173,
    "blacklisted_at": "2025-05-13T07:43:15.806Z"
  }
},
{
  "model": "token_blacklist.blacklistedtoken",
  "pk": 122,
  "fields": {
    "token": 174,
    "blacklisted_at": "2025-05-13T07:46:19.408Z"
  }
},
{
  "model": "token_blacklist.blacklistedtoken",
  "pk": 123,
  "fields": {
    "token": 192,
    "blacklisted_at": "2025-05-15T17:46:24.988Z"
  }
},
{
  "model": "token_blacklist.blacklistedtoken",
  "pk": 124,
  "fields": {
    "token": 195,
    "blacklisted_at": "2025-05-15T19:00:46.479Z"
  }
},
{
  "model": "token_blacklist.blacklistedtoken",
  "pk": 125,
  "fields": {
    "token": 200,
    "blacklisted_at": "2025-05-16T12:39:18.873Z"
  }
},
{
  "model": "token_blacklist.blacklistedtoken",
  "pk": 126,
  "fields": {
    "token": 201,
    "blacklisted_at": "2025-05-16T12:58:50.766Z"
  }
},
{
  "model": "token_blacklist.blacklistedtoken",
  "pk": 127,
  "fields": {
    "token": 206,
    "blacklisted_at": "2025-05-16T13:52:20.472Z"
  }
},
{
  "model": "token_blacklist.blacklistedtoken",
  "pk": 128,
  "fields": {
    "token": 208,
    "blacklisted_at": "2025-05-16T13:57:32.055Z"
  }
},
{
  "model": "token_blacklist.blacklistedtoken",
  "pk": 129,
  "fields": {
    "token": 211,
    "blacklisted_at": "2025-05-17T09:03:47.465Z"
  }
},
{
  "model": "token_blacklist.blacklistedtoken",
  "pk": 130,
  "fields": {
    "token": 213,
    "blacklisted_at": "2025-05-17T09:04:18.948Z"
  }
},
{
  "model": "token_blacklist.blacklistedtoken",
  "pk": 131,
  "fields": {
    "token": 214,
    "blacklisted_at": "2025-05-17T09:04:53.950Z"
  }
},
{
  "model": "token_blacklist.blacklistedtoken",
  "pk": 132,
  "fields": {
    "token": 215,
    "blacklisted_at": "2025-05-17T09:09:31.955Z"
  }
},
{
  "model": "token_blacklist.blacklistedtoken",
  "pk": 133,
  "fields": {
    "token": 216,
    "blacklisted_at": "2025-05-17T09:12:52.008Z"
  }
},
{
  "model": "token_blacklist.blacklistedtoken",
  "pk": 134,
  "fields": {
    "token": 217,
    "blacklisted_at": "2025-05-17T09:29:53.747Z"
  }
},
{
  "model": "token_blacklist.blacklistedtoken",
  "pk": 135,
  "fields": {
    "token": 218,
    "blacklisted_at": "2025-05-17T09:31:12.966Z"
  }
},
{
  "model": "token_blacklist.blacklistedtoken",
  "pk": 136,
  "fields": {
    "token": 219,
    "blacklisted_at": "2025-05-17T09:36:46.813Z"
  }
},
{
  "model": "token_blacklist.blacklistedtoken",
  "pk": 137,
  "fields": {
    "token": 220,
    "blacklisted_at": "2025-05-17T09:40:47.067Z"
  }
},
{
  "model": "token_blacklist.blacklistedtoken",
  "pk": 138,
  "fields": {
    "token": 221,
    "blacklisted_at": "2025-05-17T09:54:06.043Z"
  }
},
{
  "model": "token_blacklist.blacklistedtoken",
  "pk": 139,
  "fields": {
    "token": 222,
    "blacklisted_at": "2025-05-17T09:57:09.671Z"
  }
},
{
  "model": "token_blacklist.blacklistedtoken",
  "pk": 140,
  "fields": {
    "token": 223,
    "blacklisted_at": "2025-05-17T10:00:57.914Z"
  }
},
{
  "model": "token_blacklist.blacklistedtoken",
  "pk": 141,
  "fields": {
    "token": 224,
    "blacklisted_at": "2025-05-17T10:24:31.360Z"
  }
},
{
  "model": "token_blacklist.blacklistedtoken",
  "pk": 142,
  "fields": {
    "token": 227,
    "blacklisted_at": "2025-05-17T10:45:57.114Z"
  }
},
{
  "model": "token_blacklist.blacklistedtoken",
  "pk": 143,
  "fields": {
    "token": 229,
    "blacklisted_at": "2025-05-18T17:12:17.371Z"
  }
},
{
  "model": "token_blacklist.blacklistedtoken",
  "pk": 144,
  "fields": {
    "token": 231,
    "blacklisted_at": "2025-05-19T07:12:08.540Z"
  }
},
{
  "model": "token_blacklist.blacklistedtoken",
  "pk": 145,
  "fields": {
    "token": 233,
    "blacklisted_at": "2025-05-19T07:22:45.548Z"
  }
},
{
  "model": "token_blacklist.blacklistedtoken",
  "pk": 146,
  "fields": {
    "token": 234,
    "blacklisted_at": "2025-05-19T08:31:53.380Z"
  }
},
{
  "model": "token_blacklist.blacklistedtoken",
  "pk": 147,
  "fields": {
    "token": 239,
    "blacklisted_at": "2025-05-19T21:21:30.884Z"
  }
},
{
  "model": "token_blacklist.blacklistedtoken",
  "pk": 148,
  "fields": {
    "token": 241,
    "blacklisted_at": "2025-05-20T09:26:46.169Z"
  }
},
{
  "model": "token_blacklist.blacklistedtoken",
  "pk": 149,
  "fields": {
    "token": 249,
    "blacklisted_at": "2025-05-23T07:52:34.815Z"
  }
},
{
  "model": "token_blacklist.blacklistedtoken",
  "pk": 150,
  "fields": {
    "token": 250,
    "blacklisted_at": "2025-05-23T08:24:46.869Z"
  }
},
{
  "model": "token_blacklist.blacklistedtoken",
  "pk": 151,
  "fields": {
    "token": 251,
    "blacklisted_at": "2025-05-23T09:00:50.459Z"
  }
},
{
  "model": "token_blacklist.blacklistedtoken",
  "pk": 152,
  "fields": {
    "token": 253,
    "blacklisted_at": "2025-05-24T12:46:20.625Z"
  }
},
{
  "model": "token_blacklist.blacklistedtoken",
  "pk": 153,
  "fields": {
    "token": 254,
    "blacklisted_at": "2025-05-24T12:47:16.243Z"
  }
},
{
  "model": "request.vehicle_request",
  "pk": 1,
  "fields": {
    "requester": 10,
    "pickup_location": "addisu gebeya",
    "destination": "entoto",
    "start_dateTime": "2025-05-01T13:32:00Z",
    "end_dateTime": "2025-05-02T13:32:00Z",
    "purpose": "OTHER",
    "urgency": "Regular",
    "status": "Rejected",
    "passenger_count": 1,
    "passenger_names": [
      "dagi"
    ],
    "department_approval": false,
    "department_approver": 9,
    "department_approval_time": null,
    "rejection_reason": "not interested",
    "created_at": "2025-04-30T10:33:09.930Z",
    "updated_at": "2025-04-30T10:47:18.867Z",
    "cancellation_reason": ""
  }
},
{
  "model": "request.vehicle_request",
  "pk": 2,
  "fields": {
    "requester": 10,
    "pickup_location": "4killo",
    "destination": "entoto",
    "start_dateTime": "2025-05-01T13:45:00Z",
    "end_dateTime": "2025-05-03T13:45:00Z",
    "purpose": "OTHER",
    "urgency": "Priority",
    "status": "Assigned",
    "passenger_count": 1,
    "passenger_names": [
      "dagi"
    ],
    "department_approval": true,
    "department_approver": 9,
    "department_approval_time": "2025-04-30T10:47:03.085Z",
    "rejection_reason": null,
    "created_at": "2025-04-30T10:45:38.940Z",
    "updated_at": "2025-04-30T11:29:30.391Z",
    "cancellation_reason": ""
  }
},
{
  "model": "request.vehicle_request",
  "pk": 3,
  "fields": {
    "requester": 10,
    "pickup_location": "4killo",
    "destination": "entoto",
    "start_dateTime": "2025-05-01T14:34:00Z",
    "end_dateTime": "2025-05-03T14:34:00Z",
    "purpose": "OTHER",
    "urgency": "Emergency",
    "status": "Assigned",
    "passenger_count": 1,
    "passenger_names": [
      "dagi"
    ],
    "department_approval": true,
    "department_approver": 9,
    "department_approval_time": "2025-04-30T11:36:36.799Z",
    "rejection_reason": null,
    "created_at": "2025-04-30T11:34:55.822Z",
    "updated_at": "2025-04-30T11:44:06.473Z",
    "cancellation_reason": ""
  }
},
{
  "model": "request.vehicle_request",
  "pk": 4,
  "fields": {
    "requester": 10,
    "pickup_location": "addisu gebeya",
    "destination": "merkato",
    "start_dateTime": "2025-05-01T14:35:00Z",
    "end_dateTime": "2025-05-03T14:35:00Z",
    "purpose": "OTHER",
    "urgency": "Priority",
    "status": "Rejected",
    "passenger_count": 1,
    "passenger_names": [
      "dagi"
    ],
    "department_approval": true,
    "department_approver": 9,
    "department_approval_time": "2025-04-30T11:36:25.934Z",
    "rejection_reason": null,
    "created_at": "2025-04-30T11:35:13.843Z",
    "updated_at": "2025-04-30T11:59:42.067Z",
    "cancellation_reason": ""
  }
},
{
  "model": "request.vehicle_request",
  "pk": 5,
  "fields": {
    "requester": 10,
    "pickup_location": "addisu gebeya",
    "destination": "bole",
    "start_dateTime": "2025-05-02T14:35:00Z",
    "end_dateTime": "2025-05-10T14:35:00Z",
    "purpose": "TRADING_SIGNALS",
    "urgency": "Priority",
    "status": "Rejected",
    "passenger_count": 1,
    "passenger_names": [
      "dagi"
    ],
    "department_approval": true,
    "department_approver": 9,
    "department_approval_time": "2025-04-30T11:36:15.386Z",
    "rejection_reason": null,
    "created_at": "2025-04-30T11:35:34.587Z",
    "updated_at": "2025-04-30T12:06:10.550Z",
    "cancellation_reason": ""
  }
},
{
  "model": "request.vehicle_request",
  "pk": 6,
  "fields": {
    "requester": 10,
    "pickup_location": "4killo",
    "destination": "entoto",
    "start_dateTime": "2025-05-02T15:04:00Z",
    "end_dateTime": "2025-05-03T15:04:00Z",
    "purpose": "TRADING_SIGNALS",
    "urgency": "Priority",
    "status": "Assigned",
    "passenger_count": 2,
    "passenger_names": [
      "dagi",
      "miki"
    ],
    "department_approval": true,
    "department_approver": 9,
    "department_approval_time": "2025-04-30T12:06:23.735Z",
    "rejection_reason": null,
    "created_at": "2025-04-30T12:05:13.866Z",
    "updated_at": "2025-04-30T12:08:16.184Z",
    "cancellation_reason": ""
  }
},
{
  "model": "request.vehicle_request",
  "pk": 7,
  "fields": {
    "requester": 10,
    "pickup_location": "4killo",
    "destination": "entoto",
    "start_dateTime": "2025-05-09T15:20:00Z",
    "end_dateTime": "2025-05-16T15:20:00Z",
    "purpose": "OTHER",
    "urgency": "Emergency",
    "status": "Rejected",
    "passenger_count": 1,
    "passenger_names": [
      "dagi"
    ],
    "department_approval": true,
    "department_approver": 9,
    "department_approval_time": "2025-04-30T12:22:43.760Z",
    "rejection_reason": null,
    "created_at": "2025-04-30T12:20:37.008Z",
    "updated_at": "2025-04-30T12:28:20.655Z",
    "cancellation_reason": ""
  }
},
{
  "model": "request.vehicle_request",
  "pk": 8,
  "fields": {
    "requester": 10,
    "pickup_location": "4killo",
    "destination": "entoto",
    "start_dateTime": "2025-05-09T15:20:00Z",
    "end_dateTime": "2025-05-16T15:20:00Z",
    "purpose": "OTHER",
    "urgency": "Emergency",
    "status": "Rejected",
    "passenger_count": 1,
    "passenger_names": [
      "dagi"
    ],
    "department_approval": true,
    "department_approver": 9,
    "department_approval_time": "2025-04-30T12:22:33.231Z",
    "rejection_reason": null,
    "created_at": "2025-04-30T12:20:37.190Z",
    "updated_at": "2025-04-30T12:23:44.988Z",
    "cancellation_reason": ""
  }
},
{
  "model": "request.vehicle_request",
  "pk": 9,
  "fields": {
    "requester": 10,
    "pickup_location": "piyasa",
    "destination": "merkato",
    "start_dateTime": "2025-06-06T12:32:00Z",
    "end_dateTime": "2025-06-07T12:32:00Z",
    "purpose": "TRADING_SIGNALS",
    "urgency": "Regular",
    "status": "Assigned",
    "passenger_count": 1,
    "passenger_names": [
      "dagi"
    ],
    "department_approval": true,
    "department_approver": 9,
    "department_approval_time": "2025-05-01T09:34:24.718Z",
    "rejection_reason": null,
    "created_at": "2025-05-01T09:32:49.267Z",
    "updated_at": "2025-05-01T14:06:36.352Z",
    "cancellation_reason": ""
  }
},
{
  "model": "request.vehicle_request",
  "pk": 10,
  "fields": {
    "requester": 10,
    "pickup_location": "piyasa",
    "destination": "merkato",
    "start_dateTime": "2025-06-06T12:32:00Z",
    "end_dateTime": "2025-06-07T12:32:00Z",
    "purpose": "TRADING_SIGNALS",
    "urgency": "Regular",
    "status": "Assigned",
    "passenger_count": 1,
    "passenger_names": [
      "dagi"
    ],
    "department_approval": true,
    "department_approver": 9,
    "department_approval_time": "2025-05-01T09:34:12.573Z",
    "rejection_reason": null,
    "created_at": "2025-05-01T09:32:57.442Z",
    "updated_at": "2025-05-01T09:37:04.698Z",
    "cancellation_reason": ""
  }
},
{
  "model": "request.vehicle_request",
  "pk": 11,
  "fields": {
    "requester": 10,
    "pickup_location": "bole bulbula",
    "destination": "entoto",
    "start_dateTime": "2025-06-03T17:15:00Z",
    "end_dateTime": "2025-06-07T17:15:00Z",
    "purpose": "OTHER",
    "urgency": "Priority",
    "status": "Assigned",
    "passenger_count": 1,
    "passenger_names": [
      "dagi"
    ],
    "department_approval": true,
    "department_approver": 9,
    "department_approval_time": "2025-05-01T14:16:25.346Z",
    "rejection_reason": null,
    "created_at": "2025-05-01T14:15:51.600Z",
    "updated_at": "2025-05-01T14:17:57.999Z",
    "cancellation_reason": ""
  }
},
{
  "model": "request.vehicle_request",
  "pk": 12,
  "fields": {
    "requester": 10,
    "pickup_location": "megenagna",
    "destination": "bole",
    "start_dateTime": "2025-06-04T17:32:00Z",
    "end_dateTime": "2025-06-07T17:32:00Z",
    "purpose": "TRADING_SIGNALS",
    "urgency": "Priority",
    "status": "Rejected",
    "passenger_count": 2,
    "passenger_names": [
      "dagi",
      "miki"
    ],
    "department_approval": true,
    "department_approver": 9,
    "department_approval_time": "2025-05-01T14:35:20.101Z",
    "rejection_reason": null,
    "created_at": "2025-05-01T14:33:11.672Z",
    "updated_at": "2025-05-07T08:36:36.755Z",
    "cancellation_reason": ""
  }
},
{
  "model": "request.vehicle_request",
  "pk": 13,
  "fields": {
    "requester": 10,
    "pickup_location": "addisu gebeya",
    "destination": "bole",
    "start_dateTime": "2025-06-02T17:33:00Z",
    "end_dateTime": "2025-06-07T17:33:00Z",
    "purpose": "OTHER",
    "urgency": "Emergency",
    "status": "Assigned",
    "passenger_count": 1,
    "passenger_names": [
      "dagi"
    ],
    "department_approval": true,
    "department_approver": 9,
    "department_approval_time": "2025-05-01T14:34:49.453Z",
    "rejection_reason": null,
    "created_at": "2025-05-01T14:33:31.001Z",
    "updated_at": "2025-05-01T15:28:52.118Z",
    "cancellation_reason": ""
  }
},
{
  "model": "request.vehicle_request",
  "pk": 14,
  "fields": {
    "requester": 10,
    "pickup_location": "bole bulbula",
    "destination": "lafto",
    "start_dateTime": "2025-06-02T17:33:00Z",
    "end_dateTime": "2025-06-07T17:33:00Z",
    "purpose": "Visit",
    "urgency": "Emergency",
    "status": "Assigned",
    "passenger_count": 1,
    "passenger_names": [
      "dagi"
    ],
    "department_approval": true,
    "department_approver": 9,
    "department_approval_time": "2025-05-01T14:34:42.424Z",
    "rejection_reason": null,
    "created_at": "2025-05-01T14:33:50.023Z",
    "updated_at": "2025-05-01T14:36:43.435Z",
    "cancellation_reason": ""
  }
},
{
  "model": "request.vehicle_request",
  "pk": 15,
  "fields": {
    "requester": 10,
    "pickup_location": "bole bulbula",
    "destination": "bole",
    "start_dateTime": "2025-05-06T16:11:00Z",
    "end_dateTime": "2025-05-15T16:11:00Z",
    "purpose": "OTHER",
    "urgency": "Emergency",
    "status": "Rejected",
    "passenger_count": 1,
    "passenger_names": [
      "dagi"
    ],
    "department_approval": false,
    "department_approver": 9,
    "department_approval_time": null,
    "rejection_reason": "Are you sure you want to reject this request?",
    "created_at": "2025-05-04T13:11:58.132Z",
    "updated_at": "2025-05-04T13:14:17.573Z",
    "cancellation_reason": ""
  }
},
{
  "model": "request.vehicle_request",
  "pk": 16,
  "fields": {
    "requester": 9,
    "pickup_location": "piyasa",
    "destination": "piyasa",
    "start_dateTime": "2025-05-05T16:13:00Z",
    "end_dateTime": "2025-05-10T16:13:00Z",
    "purpose": "OTHER",
    "urgency": "Regular",
    "status": "Assigned",
    "passenger_count": 1,
    "passenger_names": [
      "dagi"
    ],
    "department_approval": true,
    "department_approver": 9,
    "department_approval_time": "2025-05-04T13:14:43.119Z",
    "rejection_reason": null,
    "created_at": "2025-05-04T13:13:39.516Z",
    "updated_at": "2025-05-07T08:35:23.387Z",
    "cancellation_reason": ""
  }
},
{
  "model": "request.vehicle_request",
  "pk": 17,
  "fields": {
    "requester": 10,
    "pickup_location": "megenagna",
    "destination": "entoto",
    "start_dateTime": "2025-05-07T12:06:00Z",
    "end_dateTime": "2025-05-07T23:08:00Z",
    "purpose": "TRADING_SIGNALS",
    "urgency": "Priority",
    "status": "Rejected",
    "passenger_count": 2,
    "passenger_names": [
      "dagi",
      "abiy"
    ],
    "department_approval": false,
    "department_approver": 9,
    "department_approval_time": null,
    "rejection_reason": "there is no car",
    "created_at": "2025-05-07T09:08:19.351Z",
    "updated_at": "2025-05-07T09:22:22.478Z",
    "cancellation_reason": ""
  }
},
{
  "model": "request.vehicle_request",
  "pk": 18,
  "fields": {
    "requester": 10,
    "pickup_location": "4killo",
    "destination": "merkato",
    "start_dateTime": "2025-05-07T12:17:00Z",
    "end_dateTime": "2025-05-08T12:17:00Z",
    "purpose": "OTHER",
    "urgency": "Priority",
    "status": "Assigned",
    "passenger_count": 1,
    "passenger_names": [
      "dagi"
    ],
    "department_approval": true,
    "department_approver": 9,
    "department_approval_time": "2025-05-07T09:21:29.341Z",
    "rejection_reason": null,
    "created_at": "2025-05-07T09:18:11.397Z",
    "updated_at": "2025-05-07T09:25:18.846Z",
    "cancellation_reason": ""
  }
},
{
  "model": "request.vehicle_request",
  "pk": 19,
  "fields": {
    "requester": 10,
    "pickup_location": "Head office",
    "destination": "Entoto",
    "start_dateTime": "2025-05-07T12:37:00Z",
    "end_dateTime": "2025-05-07T12:51:00Z",
    "purpose": "for check up",
    "urgency": "Regular",
    "status": "Rejected",
    "passenger_count": 1,
    "passenger_names": [
      "Dagi"
    ],
    "department_approval": true,
    "department_approver": 9,
    "department_approval_time": "2025-05-07T10:27:57.826Z",
    "rejection_reason": null,
    "created_at": "2025-05-07T09:37:54.667Z",
    "updated_at": "2025-05-11T16:39:25.345Z",
    "cancellation_reason": ""
  }
},
{
  "model": "request.vehicle_request",
  "pk": 20,
  "fields": {
    "requester": 10,
    "pickup_location": "piyasa",
    "destination": "lafto",
    "start_dateTime": "2025-05-07T13:05:00Z",
    "end_dateTime": "2025-05-09T13:05:00Z",
    "purpose": "OTHER",
    "urgency": "Priority",
    "status": "Rejected",
    "passenger_count": 1,
    "passenger_names": [
      "dagi"
    ],
    "department_approval": true,
    "department_approver": 9,
    "department_approval_time": "2025-05-07T10:06:24.401Z",
    "rejection_reason": null,
    "created_at": "2025-05-07T10:05:48.082Z",
    "updated_at": "2025-05-11T17:15:28.006Z",
    "cancellation_reason": ""
  }
},
{
  "model": "request.vehicle_request",
  "pk": 21,
  "fields": {
    "requester": 10,
    "pickup_location": "4killo",
    "destination": "entoto",
    "start_dateTime": "2025-05-07T13:10:00Z",
    "end_dateTime": "2025-05-09T13:10:00Z",
    "purpose": "OTHER",
    "urgency": "Emergency",
    "status": "Rejected",
    "passenger_count": 1,
    "passenger_names": [
      "dagi"
    ],
    "department_approval": true,
    "department_approver": 9,
    "department_approval_time": "2025-05-07T10:25:44.569Z",
    "rejection_reason": null,
    "created_at": "2025-05-07T10:11:02.720Z",
    "updated_at": "2025-05-11T17:12:28.996Z",
    "cancellation_reason": ""
  }
},
{
  "model": "request.vehicle_request",
  "pk": 22,
  "fields": {
    "requester": 10,
    "pickup_location": "piyasa",
    "destination": "merkato",
    "start_dateTime": "2025-05-08T13:11:00Z",
    "end_dateTime": "2025-05-10T13:11:00Z",
    "purpose": "TRADING_SIGNALS",
    "urgency": "Emergency",
    "status": "Rejected",
    "passenger_count": 1,
    "passenger_names": [
      "dagi"
    ],
    "department_approval": true,
    "department_approver": 9,
    "department_approval_time": "2025-05-07T10:23:44.069Z",
    "rejection_reason": null,
    "created_at": "2025-05-07T10:11:22.331Z",
    "updated_at": "2025-05-11T16:42:49.444Z",
    "cancellation_reason": ""
  }
},
{
  "model": "request.vehicle_request",
  "pk": 23,
  "fields": {
    "requester": 10,
    "pickup_location": "addisu gebeya",
    "destination": "bole",
    "start_dateTime": "2025-05-08T13:11:00Z",
    "end_dateTime": "2025-05-31T13:11:00Z",
    "purpose": "Visit",
    "urgency": "Priority",
    "status": "Rejected",
    "passenger_count": 1,
    "passenger_names": [
      "dagi"
    ],
    "department_approval": true,
    "department_approver": 9,
    "department_approval_time": "2025-05-07T10:23:32.853Z",
    "rejection_reason": null,
    "created_at": "2025-05-07T10:11:48.818Z",
    "updated_at": "2025-05-11T17:10:33.631Z",
    "cancellation_reason": ""
  }
},
{
  "model": "request.vehicle_request",
  "pk": 24,
  "fields": {
    "requester": 10,
    "pickup_location": "4killo",
    "destination": "bole",
    "start_dateTime": "2025-05-08T13:33:00Z",
    "end_dateTime": "2025-05-16T13:33:00Z",
    "purpose": "OTHER",
    "urgency": "Emergency",
    "status": "Assigned",
    "passenger_count": 1,
    "passenger_names": [
      "dagi"
    ],
    "department_approval": true,
    "department_approver": 9,
    "department_approval_time": "2025-05-11T17:50:49.079Z",
    "rejection_reason": null,
    "created_at": "2025-05-07T10:34:01.282Z",
    "updated_at": "2025-05-12T08:26:27.703Z",
    "cancellation_reason": ""
  }
},
{
  "model": "request.vehicle_request",
  "pk": 25,
  "fields": {
    "requester": 10,
    "pickup_location": "piyasa",
    "destination": "entoto",
    "start_dateTime": "2025-05-17T13:34:00Z",
    "end_dateTime": "2025-05-28T13:34:00Z",
    "purpose": "OTHER",
    "urgency": "Emergency",
    "status": "Rejected",
    "passenger_count": 1,
    "passenger_names": [
      "dagi"
    ],
    "department_approval": true,
    "department_approver": 9,
    "department_approval_time": "2025-05-10T19:12:24.503Z",
    "rejection_reason": null,
    "created_at": "2025-05-07T10:34:19.690Z",
    "updated_at": "2025-05-11T16:38:26.468Z",
    "cancellation_reason": ""
  }
},
{
  "model": "request.vehicle_request",
  "pk": 26,
  "fields": {
    "requester": 10,
    "pickup_location": "addisu gebeya",
    "destination": "lafto",
    "start_dateTime": "2025-05-15T13:34:00Z",
    "end_dateTime": "2025-05-22T13:34:00Z",
    "purpose": "OTHER",
    "urgency": "Regular",
    "status": "Rejected",
    "passenger_count": 1,
    "passenger_names": [
      "dagi"
    ],
    "department_approval": false,
    "department_approver": 9,
    "department_approval_time": null,
    "rejection_reason": "there is no car",
    "created_at": "2025-05-07T10:34:39.428Z",
    "updated_at": "2025-05-10T16:31:41.653Z",
    "cancellation_reason": ""
  }
},
{
  "model": "request.vehicle_request",
  "pk": 27,
  "fields": {
    "requester": 10,
    "pickup_location": "4killo",
    "destination": "piyasa",
    "start_dateTime": "2025-05-09T13:34:00Z",
    "end_dateTime": "2025-05-13T13:34:00Z",
    "purpose": "TRADING_SIGNALS",
    "urgency": "Regular",
    "status": "Assigned",
    "passenger_count": 1,
    "passenger_names": [
      "dagi"
    ],
    "department_approval": true,
    "department_approver": 9,
    "department_approval_time": "2025-05-07T10:35:55.637Z",
    "rejection_reason": null,
    "created_at": "2025-05-07T10:35:06.357Z",
    "updated_at": "2025-05-10T11:03:54.619Z",
    "cancellation_reason": ""
  }
},
{
  "model": "request.vehicle_request",
  "pk": 28,
  "fields": {
    "requester": 10,
    "pickup_location": "addisu gebeya",
    "destination": "lafto",
    "start_dateTime": "2025-05-10T12:26:00Z",
    "end_dateTime": "2025-05-17T12:26:00Z",
    "purpose": "TRADING_SIGNALS",
    "urgency": "Priority",
    "status": "Assigned",
    "passenger_count": 1,
    "passenger_names": [
      "dagi"
    ],
    "department_approval": true,
    "department_approver": 9,
    "department_approval_time": "2025-05-10T16:31:12.664Z",
    "rejection_reason": null,
    "created_at": "2025-05-10T09:27:09.976Z",
    "updated_at": "2025-05-10T17:00:39.639Z",
    "cancellation_reason": ""
  }
},
{
  "model": "request.vehicle_request",
  "pk": 29,
  "fields": {
    "requester": 9,
    "pickup_location": "4 kilo-mk-avenu",
    "destination": "lasta",
    "start_dateTime": "2025-05-12T10:22:00Z",
    "end_dateTime": "2025-05-12T11:24:00Z",
    "purpose": "for collecting data from site",
    "urgency": "Regular",
    "status": "Rejected",
    "passenger_count": 3,
    "passenger_names": [
      "abebe",
      "geleta",
      "marqos"
    ],
    "department_approval": true,
    "department_approver": 9,
    "department_approval_time": "2025-05-11T17:35:17.429Z",
    "rejection_reason": null,
    "created_at": "2025-05-11T17:23:09.863Z",
    "updated_at": "2025-05-12T08:16:45.209Z",
    "cancellation_reason": ""
  }
},
{
  "model": "request.vehicle_request",
  "pk": 30,
  "fields": {
    "requester": 9,
    "pickup_location": "4 kilo-mk-avenu-0",
    "destination": "wello-sefre",
    "start_dateTime": "2025-05-12T10:43:00Z",
    "end_dateTime": "2025-05-12T11:44:00Z",
    "purpose": "ererewr",
    "urgency": "Regular",
    "status": "Assigned",
    "passenger_count": 2,
    "passenger_names": [
      "dfdfdf",
      "dffer"
    ],
    "department_approval": true,
    "department_approver": 9,
    "department_approval_time": "2025-05-11T17:50:48.232Z",
    "rejection_reason": null,
    "created_at": "2025-05-11T17:42:17.145Z",
    "updated_at": "2025-05-12T08:15:53.949Z",
    "cancellation_reason": ""
  }
},
{
  "model": "request.vehicle_request",
  "pk": 31,
  "fields": {
    "requester": 9,
    "pickup_location": "4 kilo-mk-avenu-1",
    "destination": "lasta-34",
    "start_dateTime": "2025-05-12T11:49:00Z",
    "end_dateTime": "2025-05-12T14:51:00Z",
    "purpose": "for collecting data from site",
    "urgency": "Regular",
    "status": "Rejected",
    "passenger_count": 2,
    "passenger_names": [
      "dfdfdf",
      "dffer"
    ],
    "department_approval": true,
    "department_approver": 9,
    "department_approval_time": "2025-05-11T17:50:56.949Z",
    "rejection_reason": null,
    "created_at": "2025-05-11T17:47:37.566Z",
    "updated_at": "2025-05-11T18:01:29.242Z",
    "cancellation_reason": ""
  }
},
{
  "model": "request.vehicle_request",
  "pk": 32,
  "fields": {
    "requester": 9,
    "pickup_location": "4 kilo-mk-avenu-opo",
    "destination": "lasta-opo",
    "start_dateTime": "2025-05-12T10:00:00Z",
    "end_dateTime": "2025-05-12T11:56:00Z",
    "purpose": "for collecting data from site",
    "urgency": "Priority",
    "status": "Rejected",
    "passenger_count": 3,
    "passenger_names": [
      "dfdfdf",
      "dffer",
      "marqos"
    ],
    "department_approval": true,
    "department_approver": 9,
    "department_approval_time": "2025-05-11T17:52:49.875Z",
    "rejection_reason": null,
    "created_at": "2025-05-11T17:52:49.876Z",
    "updated_at": "2025-05-11T18:00:01.354Z",
    "cancellation_reason": ""
  }
},
{
  "model": "request.vehicle_request",
  "pk": 33,
  "fields": {
    "requester": 10,
    "pickup_location": "Head office",
    "destination": "Entoto",
    "start_dateTime": "2025-05-12T11:25:00Z",
    "end_dateTime": "2025-05-13T11:25:00Z",
    "purpose": "for check up",
    "urgency": "Regular",
    "status": "Rejected",
    "passenger_count": 1,
    "passenger_names": [
      "Dagi"
    ],
    "department_approval": true,
    "department_approver": 9,
    "department_approval_time": "2025-05-12T08:28:56.869Z",
    "rejection_reason": null,
    "created_at": "2025-05-12T08:26:18.979Z",
    "updated_at": "2025-05-12T08:30:44.728Z",
    "cancellation_reason": ""
  }
},
{
  "model": "request.vehicle_request",
  "pk": 34,
  "fields": {
    "requester": 10,
    "pickup_location": "bulbula",
    "destination": "head office",
    "start_dateTime": "2025-05-20T02:31:00Z",
    "end_dateTime": "2025-05-29T11:32:00Z",
    "purpose": "for trip",
    "urgency": "Emergency",
    "status": "Rejected",
    "passenger_count": 1,
    "passenger_names": [
      "mike"
    ],
    "department_approval": false,
    "department_approver": 9,
    "department_approval_time": null,
    "rejection_reason": "no necassary",
    "created_at": "2025-05-12T08:32:47.324Z",
    "updated_at": "2025-05-13T07:27:04.900Z",
    "cancellation_reason": ""
  }
},
{
  "model": "request.vehicle_request",
  "pk": 35,
  "fields": {
    "requester": 9,
    "pickup_location": "unity park",
    "destination": "kasanchis",
    "start_dateTime": "2025-05-12T15:36:00Z",
    "end_dateTime": "2025-05-12T17:38:00Z",
    "purpose": "for collecting data from site",
    "urgency": "Regular",
    "status": "Rejected",
    "passenger_count": 3,
    "passenger_names": [
      "abebe",
      "tesfa",
      "wolde"
    ],
    "department_approval": true,
    "department_approver": 9,
    "department_approval_time": "2025-05-12T08:33:24.075Z",
    "rejection_reason": null,
    "created_at": "2025-05-12T08:33:24.075Z",
    "updated_at": "2025-05-12T08:45:16.512Z",
    "cancellation_reason": ""
  }
},
{
  "model": "request.vehicle_request",
  "pk": 36,
  "fields": {
    "requester": 9,
    "pickup_location": "amabsel",
    "destination": "kera",
    "start_dateTime": "2025-05-12T12:44:00Z",
    "end_dateTime": "2025-05-12T17:51:00Z",
    "purpose": "for collecting data from site",
    "urgency": "Regular",
    "status": "Rejected",
    "passenger_count": 2,
    "passenger_names": [
      "dfdfdf",
      "tesfa"
    ],
    "department_approval": true,
    "department_approver": 9,
    "department_approval_time": "2025-05-12T08:52:06.072Z",
    "rejection_reason": null,
    "created_at": "2025-05-12T08:52:06.072Z",
    "updated_at": "2025-05-12T09:01:11.412Z",
    "cancellation_reason": ""
  }
},
{
  "model": "request.vehicle_request",
  "pk": 37,
  "fields": {
    "requester": 9,
    "pickup_location": "abo-saris",
    "destination": "lasta",
    "start_dateTime": "2025-05-12T14:06:00Z",
    "end_dateTime": "2025-05-12T15:09:00Z",
    "purpose": "for collecting data from site",
    "urgency": "Priority",
    "status": "Rejected",
    "passenger_count": 1,
    "passenger_names": [
      "dfdfdf"
    ],
    "department_approval": true,
    "department_approver": 9,
    "department_approval_time": "2025-05-12T09:07:07.280Z",
    "rejection_reason": null,
    "created_at": "2025-05-12T09:07:07.281Z",
    "updated_at": "2025-05-12T09:13:48.725Z",
    "cancellation_reason": ""
  }
},
{
  "model": "request.vehicle_request",
  "pk": 38,
  "fields": {
    "requester": 9,
    "pickup_location": "merkato",
    "destination": "kasanchis",
    "start_dateTime": "2025-05-12T15:10:00Z",
    "end_dateTime": "2025-05-12T16:11:00Z",
    "purpose": "for collecting data from site",
    "urgency": "Priority",
    "status": "Assigned",
    "passenger_count": 1,
    "passenger_names": [
      "dfdfdf"
    ],
    "department_approval": true,
    "department_approver": 9,
    "department_approval_time": "2025-05-12T09:07:53.582Z",
    "rejection_reason": null,
    "created_at": "2025-05-12T09:07:53.582Z",
    "updated_at": "2025-05-12T09:12:54.220Z",
    "cancellation_reason": ""
  }
},
{
  "model": "request.vehicle_request",
  "pk": 39,
  "fields": {
    "requester": 9,
    "pickup_location": "shi-80",
    "destination": "lasta",
    "start_dateTime": "2025-05-12T16:19:00Z",
    "end_dateTime": "2025-05-12T17:16:00Z",
    "purpose": "for collecting data from site",
    "urgency": "Regular",
    "status": "Assigned",
    "passenger_count": 1,
    "passenger_names": [
      "dfdfdf"
    ],
    "department_approval": true,
    "department_approver": 9,
    "department_approval_time": "2025-05-12T09:16:20.667Z",
    "rejection_reason": null,
    "created_at": "2025-05-12T09:16:20.667Z",
    "updated_at": "2025-05-12T09:27:19.432Z",
    "cancellation_reason": ""
  }
},
{
  "model": "request.vehicle_request",
  "pk": 40,
  "fields": {
    "requester": 9,
    "pickup_location": "bole",
    "destination": "merkato",
    "start_dateTime": "2025-05-15T12:19:00Z",
    "end_dateTime": "2025-05-23T12:19:00Z",
    "purpose": "for collecting data from site",
    "urgency": "Emergency",
    "status": "Rejected",
    "passenger_count": 1,
    "passenger_names": [
      "dfdfdf"
    ],
    "department_approval": true,
    "department_approver": 9,
    "department_approval_time": "2025-05-12T09:19:26.320Z",
    "rejection_reason": null,
    "created_at": "2025-05-12T09:19:26.320Z",
    "updated_at": "2025-05-12T09:26:28.237Z",
    "cancellation_reason": ""
  }
},
{
  "model": "request.vehicle_request",
  "pk": 41,
  "fields": {
    "requester": 9,
    "pickup_location": "4 kilo-mk-avenu",
    "destination": "lasta",
    "start_dateTime": "2025-05-14T12:19:00Z",
    "end_dateTime": "2025-05-22T12:19:00Z",
    "purpose": "ererewr",
    "urgency": "Priority",
    "status": "Assigned",
    "passenger_count": 1,
    "passenger_names": [
      "abebe"
    ],
    "department_approval": true,
    "department_approver": 9,
    "department_approval_time": "2025-05-12T09:19:52.131Z",
    "rejection_reason": null,
    "created_at": "2025-05-12T09:19:52.132Z",
    "updated_at": "2025-05-12T09:25:04.886Z",
    "cancellation_reason": ""
  }
},
{
  "model": "request.vehicle_request",
  "pk": 42,
  "fields": {
    "requester": 9,
    "pickup_location": "4 kilo-mk-avenu-1",
    "destination": "wello-sefre",
    "start_dateTime": "2025-05-23T12:19:00Z",
    "end_dateTime": "2025-05-29T12:20:00Z",
    "purpose": "for collecting data from site",
    "urgency": "Regular",
    "status": "Assigned",
    "passenger_count": 1,
    "passenger_names": [
      "abebe"
    ],
    "department_approval": true,
    "department_approver": 9,
    "department_approval_time": "2025-05-12T09:20:15.882Z",
    "rejection_reason": null,
    "created_at": "2025-05-12T09:20:15.882Z",
    "updated_at": "2025-05-12T09:23:35.015Z",
    "cancellation_reason": ""
  }
},
{
  "model": "request.vehicle_request",
  "pk": 43,
  "fields": {
    "requester": 9,
    "pickup_location": "unity park",
    "destination": "wello-sefre",
    "start_dateTime": "2025-05-15T12:29:00Z",
    "end_dateTime": "2025-05-22T12:29:00Z",
    "purpose": "for collecting data from site",
    "urgency": "Priority",
    "status": "Assigned",
    "passenger_count": 1,
    "passenger_names": [
      "dfdfdf"
    ],
    "department_approval": true,
    "department_approver": 9,
    "department_approval_time": "2025-05-12T09:29:52.701Z",
    "rejection_reason": null,
    "created_at": "2025-05-12T09:29:52.702Z",
    "updated_at": "2025-05-13T07:39:41.882Z",
    "cancellation_reason": ""
  }
},
{
  "model": "request.vehicle_request",
  "pk": 44,
  "fields": {
    "requester": 9,
    "pickup_location": "4 kilo-mk-avenu",
    "destination": "lasta-34",
    "start_dateTime": "2025-05-15T12:30:00Z",
    "end_dateTime": "2025-05-22T12:30:00Z",
    "purpose": "ererewr",
    "urgency": "Regular",
    "status": "Rejected",
    "passenger_count": 1,
    "passenger_names": [
      "abebe"
    ],
    "department_approval": true,
    "department_approver": 9,
    "department_approval_time": "2025-05-12T09:30:13.779Z",
    "rejection_reason": null,
    "created_at": "2025-05-12T09:30:13.779Z",
    "updated_at": "2025-05-12T17:53:57.592Z",
    "cancellation_reason": ""
  }
},
{
  "model": "request.vehicle_request",
  "pk": 45,
  "fields": {
    "requester": 9,
    "pickup_location": "4 kilo-mk-avenu",
    "destination": "lasta",
    "start_dateTime": "2025-05-16T12:30:00Z",
    "end_dateTime": "2025-05-23T12:30:00Z",
    "purpose": "for collecting data from site",
    "urgency": "Priority",
    "status": "Rejected",
    "passenger_count": 1,
    "passenger_names": [
      "abebe"
    ],
    "department_approval": true,
    "department_approver": 9,
    "department_approval_time": "2025-05-12T09:30:38.802Z",
    "rejection_reason": null,
    "created_at": "2025-05-12T09:30:38.803Z",
    "updated_at": "2025-05-12T09:34:10.701Z",
    "cancellation_reason": ""
  }
},
{
  "model": "request.vehicle_request",
  "pk": 46,
  "fields": {
    "requester": 9,
    "pickup_location": "4 kilo-mk-avenu",
    "destination": "lasta-34",
    "start_dateTime": "2025-05-14T12:30:00Z",
    "end_dateTime": "2025-05-15T12:30:00Z",
    "purpose": "ererewr",
    "urgency": "Priority",
    "status": "Assigned",
    "passenger_count": 1,
    "passenger_names": [
      "abebe"
    ],
    "department_approval": true,
    "department_approver": 9,
    "department_approval_time": "2025-05-12T09:31:10.728Z",
    "rejection_reason": null,
    "created_at": "2025-05-12T09:31:10.729Z",
    "updated_at": "2025-05-12T09:33:36.098Z",
    "cancellation_reason": ""
  }
},
{
  "model": "request.vehicle_request",
  "pk": 47,
  "fields": {
    "requester": 10,
    "pickup_location": "4killo",
    "destination": "entoto",
    "start_dateTime": "2025-05-13T11:20:00Z",
    "end_dateTime": "2025-05-16T10:20:00Z",
    "purpose": "visit",
    "urgency": "Regular",
    "status": "Assigned",
    "passenger_count": 1,
    "passenger_names": [
      "dagi"
    ],
    "department_approval": true,
    "department_approver": 9,
    "department_approval_time": "2025-05-13T07:26:29.913Z",
    "rejection_reason": null,
    "created_at": "2025-05-13T07:22:17.744Z",
    "updated_at": "2025-05-13T07:30:27.919Z",
    "cancellation_reason": ""
  }
},
{
  "model": "request.vehicle_request",
  "pk": 48,
  "fields": {
    "requester": 10,
    "pickup_location": "Gewasa, Bole, Addis Ababa, 7898, Ethiopia",
    "destination": "Hilton Addis Ababa, Menelik II Avenue, Menahereya Kazanchis, Kirkos, Addis Ababa, 1164, Ethiopia",
    "start_dateTime": "2025-05-16T20:43:00Z",
    "end_dateTime": "2025-05-24T20:43:00Z",
    "purpose": "visit",
    "urgency": "Priority",
    "status": "Assigned",
    "passenger_count": 1,
    "passenger_names": [
      "dagi"
    ],
    "department_approval": true,
    "department_approver": 9,
    "department_approval_time": "2025-05-15T17:48:33.708Z",
    "rejection_reason": null,
    "created_at": "2025-05-15T17:43:27.328Z",
    "updated_at": "2025-05-16T12:59:10.534Z",
    "cancellation_reason": ""
  }
},
{
  "model": "request.vehicle_request",
  "pk": 49,
  "fields": {
    "requester": 10,
    "pickup_location": "Gewasa, Bole, Addis Ababa, 7898, Ethiopia",
    "destination": "Piassa Atekelet Tera, Giorgis, Addis Ababa, Arada, Addis Ababa, Ethiopia",
    "start_dateTime": "2025-05-17T20:45:00Z",
    "end_dateTime": "2025-05-23T20:45:00Z",
    "purpose": "Visit",
    "urgency": "Regular",
    "status": "Assigned",
    "passenger_count": 1,
    "passenger_names": [
      "dagi"
    ],
    "department_approval": true,
    "department_approver": 9,
    "department_approval_time": "2025-05-17T09:06:17.731Z",
    "rejection_reason": null,
    "created_at": "2025-05-15T17:45:39.524Z",
    "updated_at": "2025-05-17T09:11:53.007Z",
    "cancellation_reason": ""
  }
},
{
  "model": "request.vehicle_request",
  "pk": 50,
  "fields": {
    "requester": 9,
    "pickup_location": "Gewasa, Bole, Addis Ababa, 7898, Ethiopia",
    "destination": "Entoto, Sululta, North Shewa (Oromia Region), Oromia Region, Ethiopia",
    "start_dateTime": "2025-05-16T21:11:00Z",
    "end_dateTime": "2025-05-17T21:11:00Z",
    "purpose": "Visit",
    "urgency": "Emergency",
    "status": "Assigned",
    "passenger_count": 1,
    "passenger_names": [
      "dagi"
    ],
    "department_approval": true,
    "department_approver": 9,
    "department_approval_time": "2025-05-15T18:11:40.402Z",
    "rejection_reason": null,
    "created_at": "2025-05-15T18:11:40.403Z",
    "updated_at": "2025-05-16T12:52:20.407Z",
    "cancellation_reason": ""
  }
},
{
  "model": "request.vehicle_request",
  "pk": 51,
  "fields": {
    "requester": 10,
    "pickup_location": "Saris Abo Area, Akaki Kaliti, Addis Ababa, 0006, Ethiopia",
    "destination": "Entoto, Sululta, North Shewa (Oromia Region), Oromia Region, Ethiopia",
    "start_dateTime": "2025-05-29T21:58:00Z",
    "end_dateTime": "2025-05-31T21:58:00Z",
    "purpose": "for office checkup",
    "urgency": "Regular",
    "status": "Assigned",
    "passenger_count": 2,
    "passenger_names": [
      "Dagi",
      "Mike"
    ],
    "department_approval": true,
    "department_approver": 9,
    "department_approval_time": "2025-05-17T09:06:10.588Z",
    "rejection_reason": null,
    "created_at": "2025-05-15T19:00:02.255Z",
    "updated_at": "2025-05-17T09:11:34.801Z",
    "cancellation_reason": ""
  }
},
{
  "model": "request.vehicle_request",
  "pk": 52,
  "fields": {
    "requester": 9,
    "pickup_location": "Saris Abo Area, Akaki Kaliti, Addis Ababa, 0006, Ethiopia",
    "destination": "Palace, John Melly Street getasew, Doro Manekiya, Giorgis, Addis Ababa, Arada, Addis Ababa, 3578, Ethiopia",
    "start_dateTime": "2025-05-17T12:07:00Z",
    "end_dateTime": "2025-05-22T12:07:00Z",
    "purpose": "for check up",
    "urgency": "Regular",
    "status": "Assigned",
    "passenger_count": 2,
    "passenger_names": [
      "Dagi",
      "Mike"
    ],
    "department_approval": true,
    "department_approver": 9,
    "department_approval_time": "2025-05-17T09:07:30.838Z",
    "rejection_reason": null,
    "created_at": "2025-05-17T09:07:30.838Z",
    "updated_at": "2025-05-17T09:11:19.429Z",
    "cancellation_reason": ""
  }
},
{
  "model": "request.vehicle_request",
  "pk": 53,
  "fields": {
    "requester": 9,
    "pickup_location": "Saris Abo Area, Akaki Kaliti, Addis Ababa, 0006, Ethiopia",
    "destination": "Ethiopian Space Science and Geospatial Institute, +251115518445, Menelik II Avenue, Menahereya Kazanchis, Kirkos, Addis Ababa, 1164, Ethiopia",
    "start_dateTime": "2025-05-19T08:08:00Z",
    "end_dateTime": "2025-05-19T19:08:00Z",
    "purpose": "for office checkup",
    "urgency": "Priority",
    "status": "Assigned",
    "passenger_count": 1,
    "passenger_names": [
      "mike"
    ],
    "department_approval": true,
    "department_approver": 9,
    "department_approval_time": "2025-05-17T09:09:15.378Z",
    "rejection_reason": null,
    "created_at": "2025-05-17T09:09:15.378Z",
    "updated_at": "2025-05-17T09:10:48.351Z",
    "cancellation_reason": ""
  }
},
{
  "model": "request.vehicle_request",
  "pk": 54,
  "fields": {
    "requester": 9,
    "pickup_location": "Saris Abo Area, Akaki Kaliti, Addis Ababa, 0006, Ethiopia",
    "destination": "Palace, John Melly Street getasew, Doro Manekiya, Giorgis, Addis Ababa, Arada, Addis Ababa, 3578, Ethiopia",
    "start_dateTime": "2025-05-19T12:31:00Z",
    "end_dateTime": "2025-05-28T12:31:00Z",
    "purpose": "for check up",
    "urgency": "Priority",
    "status": "Assigned",
    "passenger_count": 1,
    "passenger_names": [
      "mike"
    ],
    "department_approval": true,
    "department_approver": 9,
    "department_approval_time": "2025-05-17T09:32:02.766Z",
    "rejection_reason": null,
    "created_at": "2025-05-17T09:32:02.767Z",
    "updated_at": "2025-05-17T09:39:52.536Z",
    "cancellation_reason": ""
  }
},
{
  "model": "request.vehicle_request",
  "pk": 55,
  "fields": {
    "requester": 9,
    "pickup_location": "Ethiopian Space Science and Geospatial Institute, +251115518445, Menelik II Avenue, Menahereya Kazanchis, Kirkos, Addis Ababa, 1164, Ethiopia",
    "destination": "Abo, Ring Road, Saris Abo Area, Akaki Kaliti, Addis Ababa, 0006, Ethiopia",
    "start_dateTime": "2025-05-30T12:36:00Z",
    "end_dateTime": "2025-05-31T12:36:00Z",
    "purpose": "for office checkup",
    "urgency": "Regular",
    "status": "Assigned",
    "passenger_count": 1,
    "passenger_names": [
      "mike"
    ],
    "department_approval": true,
    "department_approver": 9,
    "department_approval_time": "2025-05-17T09:36:36.088Z",
    "rejection_reason": null,
    "created_at": "2025-05-17T09:36:36.088Z",
    "updated_at": "2025-05-17T09:39:33.977Z",
    "cancellation_reason": ""
  }
},
{
  "model": "request.vehicle_request",
  "pk": 56,
  "fields": {
    "requester": 9,
    "pickup_location": "Saris Abo Area, Akaki Kaliti, Addis Ababa, 0006, Ethiopia",
    "destination": "Ethiopian Space Science and Geospatial Institute, +251115518445, Menelik II Avenue, Menahereya Kazanchis, Kirkos, Addis Ababa, 1164, Ethiopia",
    "start_dateTime": "2025-05-19T07:55:00Z",
    "end_dateTime": "2025-05-19T20:55:00Z",
    "purpose": "for office checkup",
    "urgency": "Regular",
    "status": "Approved",
    "passenger_count": 1,
    "passenger_names": [
      "mike"
    ],
    "department_approval": true,
    "department_approver": 9,
    "department_approval_time": "2025-05-17T09:56:04.890Z",
    "rejection_reason": null,
    "created_at": "2025-05-17T09:56:04.890Z",
    "updated_at": "2025-05-17T09:56:04.890Z",
    "cancellation_reason": ""
  }
},
{
  "model": "request.vehicle_request",
  "pk": 57,
  "fields": {
    "requester": 9,
    "pickup_location": "Saris Abo Area, Akaki Kaliti, Addis Ababa, 0006, Ethiopia",
    "destination": "22 (Haya Hulet), Equatorial Guinea Street, Bole, Addis Ababa, 1110, Ethiopia",
    "start_dateTime": "2025-05-19T12:56:00Z",
    "end_dateTime": "2025-05-19T14:56:00Z",
    "purpose": "for check up",
    "urgency": "Regular",
    "status": "Assigned",
    "passenger_count": 1,
    "passenger_names": [
      "mike"
    ],
    "department_approval": true,
    "department_approver": 9,
    "department_approval_time": "2025-05-17T09:56:58.518Z",
    "rejection_reason": null,
    "created_at": "2025-05-17T09:56:58.519Z",
    "updated_at": "2025-05-17T10:00:34.242Z",
    "cancellation_reason": ""
  }
},
{
  "model": "request.vehicle_request",
  "pk": 58,
  "fields": {
    "requester": 10,
    "pickup_location": "Gewasa, Bole, Addis Ababa, 7898, Ethiopia",
    "destination": "Merka, Gamo Gofa, South Ethiopia Regional State, Ethiopia",
    "start_dateTime": "2025-05-20T17:22:00Z",
    "end_dateTime": "2025-05-30T17:22:00Z",
    "purpose": "visit",
    "urgency": "Priority",
    "status": "Pending",
    "passenger_count": 3,
    "passenger_names": [
      "dagi",
      "miki",
      "Nardi"
    ],
    "department_approval": false,
    "department_approver": null,
    "department_approval_time": null,
    "rejection_reason": null,
    "created_at": "2025-05-19T14:23:20.962Z",
    "updated_at": "2025-05-19T14:23:20.962Z",
    "cancellation_reason": ""
  }
},
{
  "model": "assignment.vehicle_assignment",
  "pk": 5,
  "fields": {
    "request": 9,
    "vehicle": 12,
    "driver": 12,
    "assigned_by": 11,
    "assigned_at": "2025-05-01T14:06:36.137Z",
    "driver_status": "Completed",
    "driver_response_time": "2025-05-01T14:11:57.726Z",
    "decline_reason": "",
    "estimated_distance": null,
    "estimated_duration": null,
    "note": ""
  }
},
{
  "model": "assignment.vehicle_assignment",
  "pk": 6,
  "fields": {
    "request": 11,
    "vehicle": 12,
    "driver": 12,
    "assigned_by": 11,
    "assigned_at": "2025-05-01T14:17:57.783Z",
    "driver_status": "Declined",
    "driver_response_time": "2025-05-01T14:29:37.193Z",
    "decline_reason": "abo almetam",
    "estimated_distance": null,
    "estimated_duration": null,
    "note": ""
  }
},
{
  "model": "assignment.vehicle_assignment",
  "pk": 7,
  "fields": {
    "request": 14,
    "vehicle": 12,
    "driver": 12,
    "assigned_by": 11,
    "assigned_at": "2025-05-01T14:36:43.222Z",
    "driver_status": "Declined",
    "driver_response_time": "2025-05-01T14:37:53.061Z",
    "decline_reason": "Abo ahun almetam eyekamku nw",
    "estimated_distance": null,
    "estimated_duration": null,
    "note": ""
  }
},
{
  "model": "assignment.vehicle_assignment",
  "pk": 8,
  "fields": {
    "request": 13,
    "vehicle": 12,
    "driver": 12,
    "assigned_by": 11,
    "assigned_at": "2025-05-01T15:28:51.868Z",
    "driver_status": "Completed",
    "driver_response_time": "2025-05-01T15:36:24.685Z",
    "decline_reason": "",
    "estimated_distance": null,
    "estimated_duration": null,
    "note": ""
  }
},
{
  "model": "assignment.vehicle_assignment",
  "pk": 9,
  "fields": {
    "request": 16,
    "vehicle": 12,
    "driver": 12,
    "assigned_by": 11,
    "assigned_at": "2025-05-07T08:35:23.183Z",
    "driver_status": "Declined",
    "driver_response_time": "2025-05-07T08:58:29.556Z",
    "decline_reason": "nopechebera car yelem",
    "estimated_distance": null,
    "estimated_duration": null,
    "note": ""
  }
},
{
  "model": "assignment.vehicle_assignment",
  "pk": 10,
  "fields": {
    "request": 18,
    "vehicle": 12,
    "driver": 12,
    "assigned_by": 11,
    "assigned_at": "2025-05-07T09:25:18.461Z",
    "driver_status": "Pending",
    "driver_response_time": null,
    "decline_reason": "",
    "estimated_distance": null,
    "estimated_duration": null,
    "note": ""
  }
},
{
  "model": "assignment.vehicle_assignment",
  "pk": 11,
  "fields": {
    "request": 27,
    "vehicle": 12,
    "driver": 12,
    "assigned_by": 11,
    "assigned_at": "2025-05-10T11:03:54.398Z",
    "driver_status": "Pending",
    "driver_response_time": null,
    "decline_reason": "",
    "estimated_distance": null,
    "estimated_duration": null,
    "note": ""
  }
},
{
  "model": "assignment.vehicle_assignment",
  "pk": 12,
  "fields": {
    "request": 28,
    "vehicle": 14,
    "driver": 17,
    "assigned_by": 11,
    "assigned_at": "2025-05-10T17:00:39.417Z",
    "driver_status": "Completed",
    "driver_response_time": "2025-05-10T17:10:57.785Z",
    "decline_reason": "",
    "estimated_distance": null,
    "estimated_duration": null,
    "note": ""
  }
},
{
  "model": "assignment.vehicle_assignment",
  "pk": 15,
  "fields": {
    "request": 38,
    "vehicle": 15,
    "driver": 20,
    "assigned_by": 11,
    "assigned_at": "2025-05-12T09:12:54.016Z",
    "driver_status": "Completed",
    "driver_response_time": "2025-05-12T10:32:50.588Z",
    "decline_reason": "",
    "estimated_distance": null,
    "estimated_duration": null,
    "note": ""
  }
},
{
  "model": "assignment.vehicle_assignment",
  "pk": 16,
  "fields": {
    "request": 42,
    "vehicle": 16,
    "driver": 19,
    "assigned_by": 11,
    "assigned_at": "2025-05-12T09:23:34.814Z",
    "driver_status": "Pending",
    "driver_response_time": null,
    "decline_reason": "",
    "estimated_distance": null,
    "estimated_duration": null,
    "note": ""
  }
},
{
  "model": "assignment.vehicle_assignment",
  "pk": 17,
  "fields": {
    "request": 41,
    "vehicle": 12,
    "driver": 12,
    "assigned_by": 11,
    "assigned_at": "2025-05-12T09:25:04.671Z",
    "driver_status": "Pending",
    "driver_response_time": null,
    "decline_reason": "",
    "estimated_distance": null,
    "estimated_duration": null,
    "note": ""
  }
},
{
  "model": "assignment.vehicle_assignment",
  "pk": 18,
  "fields": {
    "request": 39,
    "vehicle": 14,
    "driver": 17,
    "assigned_by": 11,
    "assigned_at": "2025-05-12T09:27:19.214Z",
    "driver_status": "Completed",
    "driver_response_time": "2025-05-16T12:41:04.657Z",
    "decline_reason": "",
    "estimated_distance": null,
    "estimated_duration": null,
    "note": ""
  }
},
{
  "model": "assignment.vehicle_assignment",
  "pk": 20,
  "fields": {
    "request": 47,
    "vehicle": 15,
    "driver": 20,
    "assigned_by": 11,
    "assigned_at": "2025-05-13T07:30:27.695Z",
    "driver_status": "Pending",
    "driver_response_time": null,
    "decline_reason": "",
    "estimated_distance": null,
    "estimated_duration": null,
    "note": ""
  }
},
{
  "model": "assignment.vehicle_assignment",
  "pk": 21,
  "fields": {
    "request": 43,
    "vehicle": 17,
    "driver": 18,
    "assigned_by": 11,
    "assigned_at": "2025-05-13T07:39:41.663Z",
    "driver_status": "Completed",
    "driver_response_time": "2025-05-13T07:41:06.216Z",
    "decline_reason": "",
    "estimated_distance": null,
    "estimated_duration": null,
    "note": ""
  }
},
{
  "model": "assignment.vehicle_assignment",
  "pk": 22,
  "fields": {
    "request": 50,
    "vehicle": 16,
    "driver": 17,
    "assigned_by": 11,
    "assigned_at": "2025-05-16T12:52:20.096Z",
    "driver_status": "Completed",
    "driver_response_time": "2025-05-16T12:53:07.141Z",
    "decline_reason": "",
    "estimated_distance": null,
    "estimated_duration": null,
    "note": ""
  }
},
{
  "model": "assignment.vehicle_assignment",
  "pk": 23,
  "fields": {
    "request": 48,
    "vehicle": 17,
    "driver": 18,
    "assigned_by": 11,
    "assigned_at": "2025-05-16T12:59:10.278Z",
    "driver_status": "Accepted",
    "driver_response_time": "2025-05-16T13:55:20.153Z",
    "decline_reason": "",
    "estimated_distance": null,
    "estimated_duration": null,
    "note": ""
  }
},
{
  "model": "assignment.vehicle_assignment",
  "pk": 24,
  "fields": {
    "request": 53,
    "vehicle": 15,
    "driver": 18,
    "assigned_by": 11,
    "assigned_at": "2025-05-17T09:10:48.108Z",
    "driver_status": "Pending",
    "driver_response_time": null,
    "decline_reason": "",
    "estimated_distance": null,
    "estimated_duration": null,
    "note": ""
  }
},
{
  "model": "assignment.vehicle_assignment",
  "pk": 25,
  "fields": {
    "request": 52,
    "vehicle": 16,
    "driver": 17,
    "assigned_by": 11,
    "assigned_at": "2025-05-17T09:11:19.185Z",
    "driver_status": "Completed",
    "driver_response_time": "2025-05-17T09:13:51.605Z",
    "decline_reason": "",
    "estimated_distance": null,
    "estimated_duration": null,
    "note": ""
  }
},
{
  "model": "assignment.vehicle_assignment",
  "pk": 26,
  "fields": {
    "request": 51,
    "vehicle": 17,
    "driver": 3,
    "assigned_by": 11,
    "assigned_at": "2025-05-17T09:11:34.559Z",
    "driver_status": "Pending",
    "driver_response_time": null,
    "decline_reason": "",
    "estimated_distance": null,
    "estimated_duration": null,
    "note": ""
  }
},
{
  "model": "assignment.vehicle_assignment",
  "pk": 27,
  "fields": {
    "request": 49,
    "vehicle": 14,
    "driver": 20,
    "assigned_by": 11,
    "assigned_at": "2025-05-17T09:11:51.316Z",
    "driver_status": "Pending",
    "driver_response_time": null,
    "decline_reason": "",
    "estimated_distance": null,
    "estimated_duration": null,
    "note": ""
  }
},
{
  "model": "assignment.vehicle_assignment",
  "pk": 28,
  "fields": {
    "request": 49,
    "vehicle": 14,
    "driver": 20,
    "assigned_by": 11,
    "assigned_at": "2025-05-17T09:11:52.767Z",
    "driver_status": "Pending",
    "driver_response_time": null,
    "decline_reason": "",
    "estimated_distance": null,
    "estimated_duration": null,
    "note": ""
  }
},
{
  "model": "assignment.vehicle_assignment",
  "pk": 29,
  "fields": {
    "request": 55,
    "vehicle": 15,
    "driver": 18,
    "assigned_by": 11,
    "assigned_at": "2025-05-17T09:39:33.686Z",
    "driver_status": "Pending",
    "driver_response_time": null,
    "decline_reason": "",
    "estimated_distance": null,
    "estimated_duration": null,
    "note": ""
  }
},
{
  "model": "assignment.vehicle_assignment",
  "pk": 30,
  "fields": {
    "request": 54,
    "vehicle": 17,
    "driver": 3,
    "assigned_by": 11,
    "assigned_at": "2025-05-17T09:39:52.297Z",
    "driver_status": "Pending",
    "driver_response_time": null,
    "decline_reason": "",
    "estimated_distance": null,
    "estimated_duration": null,
    "note": ""
  }
},
{
  "model": "assignment.vehicle_assignment",
  "pk": 31,
  "fields": {
    "request": 57,
    "vehicle": 14,
    "driver": 20,
    "assigned_by": 11,
    "assigned_at": "2025-05-17T10:00:33.983Z",
    "driver_status": "Accepted",
    "driver_response_time": "2025-05-17T10:02:52.142Z",
    "decline_reason": "",
    "estimated_distance": null,
    "estimated_duration": null,
    "note": ""
  }
},
{
  "model": "assignment.trips",
  "pk": 2,
  "fields": {
    "assignment": 5,
    "start_mileage": "124578.0",
    "end_mileage": "124579.0",
    "start_time": "2025-05-01T14:11:58.412Z",
    "end_time": "2025-05-01T14:12:43.495Z",
    "status": "Completed",
    "created_at": "2025-05-01T14:11:58.413Z",
    "updated_at": "2025-05-01T14:12:43.496Z"
  }
},
{
  "model": "assignment.trips",
  "pk": 5,
  "fields": {
    "assignment": 6,
    "start_mileage": "124579.0",
    "end_mileage": null,
    "start_time": "2025-05-01T14:29:38.190Z",
    "end_time": null,
    "status": "Declined",
    "created_at": "2025-05-01T14:29:38.190Z",
    "updated_at": "2025-05-01T14:29:38.190Z"
  }
},
{
  "model": "assignment.trips",
  "pk": 6,
  "fields": {
    "assignment": 7,
    "start_mileage": "124579.0",
    "end_mileage": null,
    "start_time": "2025-05-01T14:37:53.912Z",
    "end_time": null,
    "status": "Declined",
    "created_at": "2025-05-01T14:37:53.913Z",
    "updated_at": "2025-05-01T14:37:53.913Z"
  }
},
{
  "model": "assignment.trips",
  "pk": 7,
  "fields": {
    "assignment": 8,
    "start_mileage": "124580.0",
    "end_mileage": "124590.0",
    "start_time": "2025-05-01T15:36:25.326Z",
    "end_time": "2025-05-01T15:36:39.219Z",
    "status": "Completed",
    "created_at": "2025-05-01T15:36:25.326Z",
    "updated_at": "2025-05-01T15:36:39.219Z"
  }
},
{
  "model": "assignment.trips",
  "pk": 8,
  "fields": {
    "assignment": 9,
    "start_mileage": "124590.0",
    "end_mileage": null,
    "start_time": "2025-05-07T08:58:30.682Z",
    "end_time": null,
    "status": "Declined",
    "created_at": "2025-05-07T08:58:30.683Z",
    "updated_at": "2025-05-07T08:58:30.683Z"
  }
},
{
  "model": "assignment.trips",
  "pk": 9,
  "fields": {
    "assignment": 12,
    "start_mileage": "124578.0",
    "end_mileage": "1245789.0",
    "start_time": "2025-05-10T17:10:58.574Z",
    "end_time": "2025-05-10T17:11:17.489Z",
    "status": "Completed",
    "created_at": "2025-05-10T17:10:58.575Z",
    "updated_at": "2025-05-10T17:11:17.489Z"
  }
},
{
  "model": "assignment.trips",
  "pk": 10,
  "fields": {
    "assignment": 15,
    "start_mileage": "220000.0",
    "end_mileage": "230000.0",
    "start_time": "2025-05-12T10:32:51.259Z",
    "end_time": "2025-05-12T10:33:39.333Z",
    "status": "Completed",
    "created_at": "2025-05-12T10:32:51.260Z",
    "updated_at": "2025-05-12T10:33:39.334Z"
  }
},
{
  "model": "assignment.trips",
  "pk": 11,
  "fields": {
    "assignment": 21,
    "start_mileage": "1236.0",
    "end_mileage": "1245.0",
    "start_time": "2025-05-13T07:41:06.872Z",
    "end_time": "2025-05-13T07:41:32.646Z",
    "status": "Completed",
    "created_at": "2025-05-13T07:41:06.872Z",
    "updated_at": "2025-05-13T07:41:32.646Z"
  }
},
{
  "model": "assignment.trips",
  "pk": 12,
  "fields": {
    "assignment": 18,
    "start_mileage": "1234567899.0",
    "end_mileage": "1234567999.0",
    "start_time": "2025-05-16T12:41:05.575Z",
    "end_time": "2025-05-17T10:52:58.337Z",
    "status": "Completed",
    "created_at": "2025-05-16T12:41:05.575Z",
    "updated_at": "2025-05-17T10:52:58.337Z"
  }
},
{
  "model": "assignment.trips",
  "pk": 13,
  "fields": {
    "assignment": 22,
    "start_mileage": "123456789.0",
    "end_mileage": "123456799.0",
    "start_time": "2025-05-16T12:53:08.431Z",
    "end_time": "2025-05-17T10:52:19.127Z",
    "status": "Completed",
    "created_at": "2025-05-16T12:53:08.432Z",
    "updated_at": "2025-05-17T10:52:19.128Z"
  }
},
{
  "model": "assignment.trips",
  "pk": 14,
  "fields": {
    "assignment": 23,
    "start_mileage": "123456.0",
    "end_mileage": null,
    "start_time": "2025-05-16T13:55:20.881Z",
    "end_time": null,
    "status": "Started",
    "created_at": "2025-05-16T13:55:20.881Z",
    "updated_at": "2025-05-16T13:55:20.881Z"
  }
},
{
  "model": "assignment.trips",
  "pk": 15,
  "fields": {
    "assignment": 25,
    "start_mileage": "123456799.0",
    "end_mileage": "123456899.0",
    "start_time": "2025-05-17T09:13:52.333Z",
    "end_time": "2025-05-17T10:51:10.050Z",
    "status": "Completed",
    "created_at": "2025-05-17T09:13:52.334Z",
    "updated_at": "2025-05-17T10:51:10.050Z"
  }
},
{
  "model": "assignment.trips",
  "pk": 16,
  "fields": {
    "assignment": 31,
    "start_mileage": "1234567999.0",
    "end_mileage": null,
    "start_time": "2025-05-17T10:02:52.882Z",
    "end_time": null,
    "status": "Started",
    "created_at": "2025-05-17T10:02:52.882Z",
    "updated_at": "2025-05-17T10:02:52.882Z"
  }
}
]
